IT_load_new,IT_solar_generation
,0
,0
,0
,0
,0
,0
,0
,0
,0
,0
,0
,0
,0
,0
,0
,0
,0
,0
,0
,0
,0
,0
,0
,0
,0
,0
,0
,0
,0
,0
,0
,0
,0
,0
,0
,0
,0
,0
,0
,0
,0
,0
,0
,0
,0
,0
,0
,0
,0
,0
,0
,0
,0
,0
,0
,0
,0
,0
,0
,0
,0
,0
,0
,0
,0
,0
,0
,0
,0
,0
,0
22558,-1
20602,-1
19449,-1
18871,-1
18726,-1
19122,0
20289,0
21600,65
23049,1075
25376,3207
26859,5286
27740,6830
27326,7285
26018,6863
25049,4763
24868,2008
25826,267
30053,0
31608,0
32356,0
31312,0
29367,0
27050,0
24216,0
21778,0
19993,0
19020,0
18676,0
18880,0
20107,0
23220,0
26785,0
30021,0
32544,0
33622,0
33846,0
32785,0
31687,0
30923,0
31133,0
32364,0
36615,0
37545,0
37107,0
34946,0
32272,0
29057,0
25962,0
23214,0
21259,0
20186,0
19612,0
19599,0
20115,0
21654,0
23099,0
24579,0
26930,0
28752,0
30062,0
29464,0
27375,0
26138,0
26166,0
27222,0
31679,0
33459,0
33678,0
32689,0
30770,0
28087,0
24915,0
22270,-1
20523,-1
19664,-1
19541,-1
19965,0
21832,0
27800,0
34532,78
39273,1234
42099,3404
42423,5225
42205,6240
39772,6198
39334,5650
40422,3970
41181,1783
42503,232
45265,0
44376,0
43008,0
40339,0
37168,-1
32964,-1
29282,-1
26120,-1
24256,-1
23337,-1
23058,-1
23350,-1
24947,0
30185,0
37189,47
41485,841
43419,2927
43305,4826
42733,5544
40289,5899
40382,5958
41135,3996
41376,1781
42484,264
45179,0
44598,0
43351,0
40504,0
37331,-1
33141,-1
29623,-1
26860,-1
24819,-1
23929,-1
23655,-1
23961,-1
25460,0
30439,0
37184,50
42011,814
44018,2338
43678,3755
43370,5040
41118,5639
40543,5635
40940,4093
41104,1909
41750,352
44604,0
44285,0
42845,0
40047,0
36687,-1
32807,-1
29442,-1
26362,-1
24554,-1
23620,-1
22979,-1
22917,-1
23598,0
25982,0
30022,54
32358,870
34749,2490
34748,4058
33821,4950
32219,5221
31118,5420
30130,4083
29897,2046
30643,361
34507,0
36120,0
36091,0
33768,0
31308,0
28713,0
26165,0
23802,0
22108,0
21164,0
20534,0
20276,0
20844,0
22016,0
23343,73
24820,872
27108,2406
28543,3907
29239,4905
29002,5067
27291,4630
26367,3439
26216,1687
27022,299
30934,0
32341,0
32961,0
31781,0
30285,0
27920,0
25269,0
22937,0
21338,0
20546,0
20459,0
20911,0
23108,0
29382,0
36204,78
40833,1481
42480,4348
42466,7344
42457,9172
39891,9391
39539,8760
40250,6402
39955,2874
40960,509
44163,-1
43987,0
42747,0
40439,0
37431,0
33541,0
30020,0
26933,0
25077,0
24122,0
23866,-1
23993,0
25695,0
31074,0
37841,92
42455,1597
44272,4477
44364,7132
43918,8366
41061,8578
40262,7745
41595,5692
41468,2503
42769,436
45445,0
45029,0
43746,0
40920,0
37835,-1
33940,-1
30336,-1
27228,-1
25314,-2
24396,-1
24186,-2
24635,-1
26416,0
32071,0
38649,69
43180,1211
44851,3272
44995,5456
44505,6280
41807,6445
40827,5264
42076,4432
42316,2375
42856,418
45505,0
45235,0
43883,0
41165,0
37939,-1
34308,-1
30266,-1
27457,-1
25872,-1
24980,-1
24722,-1
25126,-1
26781,0
32142,0
38581,84
42930,1386
44679,3826
44617,5772
43971,6457
40703,6086
40439,5942
41435,4350
42125,2229
42897,436
45403,-1
45130,0
43896,0
41258,-1
38095,-1
34287,-1
30814,-1
27651,0
25798,0
24711,0
24348,0
24784,0
26317,0
31890,0
38472,83
43142,1191
44964,3381
44847,5165
44514,5519
41603,4988
40743,4152
41756,2878
42166,1290
43046,203
45311,0
44745,0
43345,0
40328,0
36949,0
33344,0
30057,0
,0
,0
,0
,0
,0
,0
,0
,0
,0
,0
,0
,0
,0
,0
,0
,0
,0
,0
,0
,0
,0
,0
,0
,0
24342,7
22373,7
21303,7
20720,7
20492,7
20905,6
22168,6
23567,24
25244,583
27876,2139
29753,3997
30472,4995
30456,5284
28688,5174
27660,4078
26898,1852
27166,438
30458,7
32414,6
33048,6
32133,6
30506,7
27973,7
25213,7
22797,7
21247,7
20551,7
20585,7
21081,7
23173,6
29505,6
36437,65
41273,1259
43367,3621
43652,5746
43107,6379
40184,5942
40072,5427
40922,3857
41337,1951
42052,375
44446,6
44334,6
43110,6
40897,7
37883,7
33715,7
30176,7
27322,7
25586,7
24692,8
24405,7
24591,7
26279,6
31688,6
38654,15
43051,309
44839,1007
45054,1942
44986,2788
42203,3018
41414,2531
42654,2219
42950,1148
43603,308
45489,7
45273,6
43931,6
41389,7
38393,7
34160,7
30725,7
27638,6
25887,6
24902,6
24705,6
24981,6
26556,6
31849,6
38853,59
43261,745
45299,2277
45501,3203
44510,2942
42199,3351
42149,3276
43409,2605
44038,1585
44494,327
46011,7
45675,6
44118,6
41748,6
38460,6
34175,6
30528,6
27404,6
25764,6
24816,6
24544,6
24798,6
26498,6
31777,6
38659,75
43315,678
45399,1534
45643,2224
45505,2509
43116,2906
42179,2670
42941,1777
43190,1067
43798,306
45612,10
45375,6
44157,6
41623,6
38595,6
34360,6
30688,6
27617,7
25997,7
24994,7
24697,7
24834,7
26390,6
31995,6
38462,32
42681,551
45012,1909
45461,3338
45353,4332
42350,4426
41340,4304
41673,3013
41538,1339
42225,304
44503,10
44872,6
43660,6
40928,6
37803,7
33758,7
30431,7
27415,7
25256,7
24045,7
23627,7
23625,7
24247,6
26951,6
30426,47
33379,837
35648,3074
36036,5583
35160,6931
33330,6848
31821,6210
31100,4906
30485,2491
30885,657
34465,15
36829,6
36721,6
34294,6
31638,7
29015,7
26567,7
24229,7
22264,7
21177,7
20599,7
20482,7
20784,6
22172,6
23249,115
25280,1409
28000,3352
29444,5118
29903,5891
30175,6559
27949,5565
27250,4474
27092,2772
27138,675
30646,12
33087,6
33674,6
32875,6
31059,7
28377,7
25332,7
22797,-1
21141,-1
20437,-1
20467,-1
20991,0
23188,0
29650,0
36431,55
41214,1201
43892,4094
44397,6457
43977,7368
41947,7959
41576,7290
42402,5776
42241,3199
42199,751
44391,8
44965,0
43614,0
41244,0
38282,-1
33960,-1
30294,-1
27100,-1
25268,-1
24379,-1
24120,-1
24419,-1
26057,0
31715,0
38296,74
43021,1515
44908,4189
44903,6178
44385,6810
41575,6421
41138,5980
42491,4871
42839,2663
43319,633
45488,7
46380,0
44893,0
42207,0
38867,-1
34672,-1
30551,-1
27489,-1
25707,-1
24807,-1
24613,-1
24862,-1
26471,0
32136,0
38831,72
43513,1129
46326,4200
46805,6998
46460,8208
43242,8064
42622,7571
43690,6551
43148,3987
43139,1055
45197,17
46154,0
44739,0
41886,0
38677,-1
34733,-1
30804,-1
27829,-1
26132,-1
25111,-1
24833,-1
25043,-1
26772,0
32301,0
38768,147
43647,1382
45672,3258
46467,4805
46237,5160
43113,4563
41893,3382
43317,2511
43999,1411
44662,311
46116,3
46140,0
44664,-1
41836,-1
38630,-2
34461,-1
30705,-2
27847,-1
26002,-1
25055,-1
24737,-1
24991,-1
26644,0
31908,0
38340,24
42879,365
44798,1264
45060,2223
45307,3090
42741,3433
42434,3762
43145,3236
42589,1764
42641,609
44181,16
45013,0
43806,0
40913,0
37736,-1
33761,-1
30589,-1
27779,-1
25674,-1
24586,-1
24140,-1
24002,0
24669,0
27104,0
30795,66
33473,980
36932,3605
37571,5502
37074,6468
35704,6945
33605,6119
32524,4514
31941,2356
32266,590
35063,13
37515,0
37425,0
34985,0
32292,-1
29730,-1
27181,-1
24768,-1
22617,-1
21565,-1
21029,-1
20829,0
21312,0
22507,0
23554,174
25498,1421
28729,3924
30436,5308
30509,5457
30027,5543
29134,6280
28207,5552
27847,3940
27215,977
29994,19
33366,0
34022,0
32818,0
31123,0
28552,-1
25612,-1
22957,-1
21402,-1
20840,-1
20710,-1
21320,0
23563,0
29632,0
36290,88
41365,1395
43796,4400
44012,7092
43358,8234
41102,8443
40711,8134
41997,7281
41723,4473
41462,1091
43150,31
44660,0
43571,0
41016,0
38055,0
34148,0
30576,-1
27455,-1
25569,-1
24585,-1
24190,-1
24494,-1
26332,0
31708,0
38492,200
43334,1421
45631,2956
46211,4138
46352,5142
43254,4391
42090,3274
43251,2508
43765,1368
44396,483
45541,10
46316,0
44780,0
41740,-1
38604,-1
34408,-2
30642,-1
,0
,0
,0
,0
,0
,0
,0
,0
,0
,0
,0
,0
,0
,0
,0
,0
,0
,0
,0
,0
,0
,0
,0
,0
27384,0
25564,0
24864,0
24671,0
25013,0
26745,0
32274,0
38574,111
43550,835
45633,1545
46155,2015
46097,2281
43459,2375
42755,1886
43834,1307
44599,910
45039,201
45978,10
46360,0
44950,0
42241,0
38910,0
34856,0
31478,0
,0
,0
,0
,0
,0
,0
,0
,0
,0
,0
,0
,0
,0
,0
,0
,0
,0
,0
,0
,0
,0
,0
,0
,0
27815,-1
25875,-1
24884,-1
24387,-1
24117,-1
24792,0
27352,0
30925,131
34296,839
36844,2054
37734,3630
37157,4452
35481,4662
33584,4506
32581,3611
32528,2474
32731,973
35253,47
38592,0
38738,0
36215,0
33270,-1
30808,-1
28223,-1
25662,-1
23595,-1
22442,-1
21666,-1
21553,-1
22002,0
23091,0
24052,303
26754,2549
29943,5361
31529,7328
32365,8209
31756,7612
29470,6654
28022,4607
28022,2941
28217,937
30939,46
34610,0
35434,0
34308,-1
32357,-1
29681,-1
26522,-1
23816,-1
22253,-1
21683,-1
21445,-1
21949,-1
24312,0
30516,0
36922,179
42807,2314
46054,5906
46557,7996
46983,9535
44364,9832
43825,9275
44087,7486
43533,4850
43206,1779
44291,104
46392,0
45101,0
42215,0
38809,-1
34663,-1
31151,-1
28036,-1
26121,-1
25150,-1
24930,-1
25230,-1
26861,0
32621,0
38554,218
44099,2628
47022,6297
47080,8339
46565,9628
43865,10011
43338,9312
43941,7830
43728,5608
42937,2073
43559,114
46148,0
45150,0
42454,0
39148,0
35087,0
31560,-1
,0
,0
,0
,0
,0
,0
,0
,0
,0
,0
,0
,0
,0
,0
,0
,0
,0
,0
,0
,0
,0
,0
,0
,0
28186,0
26240,0
25332,-1
25083,-1
25308,0
27033,0
32464,-1
38345,355
43107,2500
44962,5316
44987,7499
44492,8306
42129,8652
41658,8079
42205,6469
42636,4683
42369,1835
42991,106
45269,0
44368,0
41839,0
38580,0
34807,-1
31193,0
28316,-1
26153,-1
25136,-1
24810,-1
25011,0
26706,0
31980,-1
38117,412
43216,2523
45060,4451
44945,5821
44683,6730
42760,7429
41798,7215
42315,5663
42315,3707
42267,1304
43195,55
45145,0
44070,0
41436,0
38127,0
34443,0
31166,0
,0
,0
,0
,0
,0
,0
,0
,0
,0
,0
,0
,0
,0
,0
,0
,0
,0
,0
,0
,0
,0
,0
,0
,0
25151,0
23334,0
21943,0
21292,0
21114,0
21446,0
22458,-1
23251,287
25868,1885
28357,3452
29641,4362
30319,4730
30459,4909
28246,4023
27509,3326
27402,2056
27509,718
29622,39
33305,0
34125,0
33030,0
31360,0
28827,0
25881,0
23173,0
21712,0
20980,0
20839,0
21380,0
23560,0
29388,-1
35308,226
40715,1171
42803,2476
42846,3312
42722,3927
40697,4163
40746,4421
41957,3803
42168,2779
42145,1160
42396,83
44257,0
43423,0
40627,0
37494,0
33661,0
30331,0
,0
,0
,0
,0
,0
,0
,0
,0
,0
,0
,0
,0
,0
,0
,0
,0
,0
,0
,0
,0
,0
,0
,0
,0
27553,0
25856,0
24768,0
24493,0
24856,0
26686,0
31809,-1
37409,517
42789,3263
44891,6276
44997,8401
44657,9642
42029,10040
41019,9485
41660,8254
41686,5963
41765,2684
41839,218
44826,0
44053,0
41697,0
38650,0
34485,0
30889,0
27830,0
25897,-1
25191,0
25006,-1
25119,0
26837,0
32176,5
37625,717
42664,3673
44419,6887
44407,9356
43767,10476
41003,10852
40412,10425
41249,8878
41334,6393
41346,2888
41655,261
44766,0
44307,0
41622,0
38694,0
34810,0
31279,0
28126,0
26272,0
25118,-1
24795,0
25220,0
26947,0
32124,5
37659,825
42952,4086
44920,7312
44478,9488
43631,10193
41034,10508
40253,9864
41004,8314
41236,5905
41116,2484
41313,254
44304,0
43757,0
41001,0
37698,0
33781,0
30359,0
27472,0
25670,0
24577,0
24040,0
23837,0
24514,0
27008,9
30298,575
34066,2264
36284,3580
37096,4873
37279,5661
35493,5284
33870,4739
32389,2772
31922,1182
32670,501
34344,45
37724,0
37978,0
35468,0
32445,0
29899,0
27479,0
25124,0
23188,0
21969,0
21306,0
21151,0
21543,0
22644,0
23448,66
25485,657
28471,1568
30069,2138
30694,2912
30422,3612
28378,3813
27426,3324
27483,2790
27254,1355
28350,150
32551,0
33869,0
32972,0
31082,0
28461,0
25551,0
23165,-1
21656,-1
21043,-1
20910,-1
21257,0
23471,0
29636,3
35332,335
40747,2210
42643,4525
42224,5481
42362,6546
39752,6125
39731,5621
41331,4932
41707,3317
41545,1359
41502,189
43851,0
43274,0
40696,0
37701,-1
33876,-1
30362,-1
27160,-1
25289,-1
24497,-1
24311,-1
24552,-1
26388,0
31434,6
37120,415
42700,1861
44829,2894
44795,3376
44830,3896
42414,3948
42053,3560
42654,2549
43130,1796
43345,770
43554,79
45183,0
44378,0
41510,0
38183,-1
34227,-1
30726,-1
27831,-1
26105,-1
25236,-1
24791,-1
25067,0
26785,0
32149,-2
37552,192
42664,1271
44847,2873
44609,3481
43691,3740
42014,4763
41441,4653
41943,3655
42559,2835
42444,1372
42553,221
44994,-1
44397,0
41659,0
38417,0
34439,0
30955,0
27934,0
26176,0
25149,0
24780,0
25013,0
26810,0
32122,5
37476,474
42493,2091
44131,4265
43868,5702
43813,6849
41323,6831
40462,6082
41233,5126
41188,3434
41308,1792
41240,307
43809,0
43793,0
41076,0
37917,0
34281,0
30792,0
,0
,0
,0
,0
,0
,0
,0
,0
,0
,0
,0
,0
,0
,0
,0
,0
,0
,0
,0
,0
,0
,0
,0
,0
27541,0
25415,0
24220,0
23787,0
23767,0
24335,0
26639,8
29498,864
33309,3490
35647,6036
35373,7346
34399,8138
32961,8490
30987,7732
30272,6624
30332,5215
30279,2676
31328,420
35673,0
36919,0
34490,0
31913,0
29406,0
26777,0
24504,0
22599,0
21473,0
20813,0
20604,0
21078,0
21771,17
22633,990
25430,3472
27676,5841
28722,7590
28644,8371
28520,9083
27130,9186
27048,8306
26809,5996
26381,2963
27034,417
31558,0
33285,0
32306,0
30660,0
28058,0
25319,0
22728,0
21127,0
20464,0
20456,0
21041,0
23285,0
29149,23
34957,739
40180,2156
42316,3718
42322,4497
42554,5265
40170,5691
40043,5553
41372,5475
41622,4802
41105,2723
40273,522
42022,0
42436,0
40226,0
37576,0
33743,0
30490,0
27501,0
25598,0
24485,0
24242,0
24370,0
26219,0
31018,19
36387,1016
41218,3976
42098,6575
41222,7987
40613,8778
38239,9288
38616,9602
40056,8472
40413,6645
40222,3605
39738,696
42720,0
43402,0
41065,0
37848,0
33912,0
30508,0
27349,0
25881,0
25039,0
24551,0
24947,0
26656,0
31079,32
36598,1133
41263,3486
43018,5682
42756,6769
42586,7910
40328,7910
39418,6156
40938,4707
41478,2843
42144,1283
41974,167
43765,0
43267,0
40647,0
37487,0
33706,0
30314,0
27582,0
25878,0
25010,0
24873,0
25171,0
26683,0
31457,-1
36534,321
41029,1668
43555,4023
44067,5690
43836,6737
41095,6288
40190,6078
40953,5372
41123,4072
41140,2257
40701,533
43184,-2
43562,0
40804,0
37670,0
33781,0
30246,0
27486,0
25650,0
24760,0
24581,0
24935,0
26414,0
30981,21
36625,1307
41868,4268
43952,7205
44283,9320
44006,10196
41706,10502
41070,10187
41417,8663
41267,6635
40822,3657
40128,873
42337,-1
43099,0
40354,0
37215,0
33348,0
30059,0
27022,0
25227,0
24222,0
23776,0
23649,0
24531,0
26242,27
29287,1341
33393,4590
35559,7285
35743,9306
35238,10573
33408,10467
31498,9568
30502,8195
30394,6407
30382,3643
31133,859
35148,-1
36919,0
34386,0
31477,0
29132,0
26465,0
24268,0
22338,0
21197,0
20689,0
20506,0
21114,0
21488,61
22740,1684
26061,5079
28892,8294
30162,10341
30553,11465
29891,11443
28255,10920
27185,9362
26876,7281
25971,3831
26861,845
30807,-1
32909,0
31939,0
30115,0
27671,0
24956,0
22585,0
21179,0
20498,0
20383,0
20816,0
22955,0
28258,61
34196,1515
39815,4401
42471,7306
42441,8832
42312,9748
40042,9664
40002,9177
40958,8089
40681,5958
40374,3536
39499,799
41699,3
42720,0
40418,0
37131,0
33143,0
29869,0
26836,0
25016,0
24172,0
23866,0
24172,0
25924,0
30403,71
36078,1700
41285,5091
42526,7958
42615,9826
42254,10611
39511,10283
39371,9807
40551,8696
40861,6692
40510,3622
39831,787
42221,6
43131,0
40668,0
37614,0
33836,0
30228,0
27447,0
25949,0
24891,0
24405,0
24638,0
26342,0
30751,68
36292,1367
40841,3701
42622,6508
42841,8982
42376,9554
39528,9617
39492,9501
40394,8611
40492,6656
40262,3696
39415,849
42113,6
43131,0
40692,0
37408,0
33656,0
30299,0
27467,0
25628,0
24861,0
24518,0
24915,0
26489,0
30816,59
36422,1349
41514,4162
43203,6921
43296,8651
43391,9999
41157,10268
40310,9640
40954,8532
41257,6518
40708,3829
39892,985
42249,7
43629,0
41072,0
37888,0
34054,0
30465,0
27565,0
25781,0
24819,0
24724,0
24932,0
26530,0
30527,0
36243,0
40803,0
41793,0
41368,0
40685,0
38016,0
37521,0
38443,0
38712,0
38702,0
38513,0
41418,0
43003,0
40219,0
37120,0
33558,0
30112,0
27278,0
25340,0
24255,0
23793,0
23628,0
24358,0
25783,129
29131,1670
32615,4488
34617,7280
34264,8747
33553,9857
31849,9822
30741,9635
30105,8080
29937,6116
29804,3292
30464,714
34433,3
36713,0
34530,0
31605,0
28929,0
26406,0
24107,0
22214,0
21057,0
20704,0
20457,0
20823,0
20944,108
22183,1238
24960,3408
27424,5289
28897,6419
29575,6766
29423,6641
27395,5657
26591,4243
26445,2738
26341,1388
27442,331
31018,-2
33079,0
31933,0
30175,0
27879,0
25147,0
22856,0
21551,0
20940,0
20706,0
21008,0
23148,0
28536,67
34835,690
40504,1560
42590,2076
43167,2378
43246,2714
41086,2924
40340,2303
41730,1886
42088,1422
42195,777
41612,172
42753,4
42829,0
40182,0
37134,0
33153,0
29970,0
27158,0
25349,0
24491,0
24164,-1
24366,0
26108,0
30490,31
36311,425
41200,1160
43441,2225
43833,3014
43796,3755
41241,4139
40171,3858
40960,3387
41091,2529
41062,1488
40604,509
42073,10
43132,0
40738,0
37566,0
33594,0
30123,0
27207,0
25546,0
24586,0
24192,0
24482,0
26192,0
30217,155
36088,1847
41178,4986
42792,7937
43106,10175
42857,11196
40492,11170
39938,10403
40873,8678
40768,6659
40499,3942
39374,1107
41246,17
43198,0
40529,0
37664,0
33666,0
30123,0
27361,0
25635,0
24700,0
24415,0
24766,0
26371,0
29956,165
35865,1871
40238,4780
41617,7439
41887,9656
41658,10916
39109,11273
38621,10877
39532,9678
39351,7302
38958,4239
37980,1115
40227,19
42250,0
39696,0
36844,0
33506,0
30166,0
27099,0
25219,0
24451,0
24255,0
24415,0
25945,0
29888,0
35493,0
40293,0
41353,0
41566,0
41283,0
38609,0
37894,0
37514,0
37337,0
38512,0
38081,1043
40392,15
42388,0
39829,0
36700,0
32927,0
29751,0
27218,0
25495,0
24366,0
23791,0
23742,0
24349,0
25467,261
28843,1680
32186,3915
33745,6091
34405,8186
33837,9077
32372,8938
30673,7680
30695,6774
29974,4296
29764,2245
30487,511
33995,4
36261,0
34173,0
31297,0
28866,0
26476,0
24141,0
22186,0
20966,0
20546,0
20390,0
20830,0
21096,51
22213,629
25154,1689
27516,2366
29067,3102
30333,4330
29606,3921
27505,3821
27229,4102
26823,3429
26254,2009
26871,642
30014,29
32705,0
31874,0
30026,0
27556,0
24878,0
22400,0
20939,0
20310,0
20123,0
20662,0
22772,0
27253,0
33337,0
38194,0
39738,0
39434,0
39136,0
37756,0
37328,0
38093,0
38762,0
38791,0
38130,0
39627,0
41606,0
39500,0
36470,0
32566,0
29195,0
26544,0
24911,0
23848,0
23488,0
23702,0
25271,0
28790,231
34573,1605
39838,3921
41576,6253
41382,7386
41554,7780
39397,7693
38775,6797
39684,5206
40369,3511
40711,1882
39931,438
41463,7
42525,0
39948,0
37058,0
33041,0
29712,0
27012,0
25415,0
24584,0
24407,0
24646,0
26071,0
29991,41
35738,393
40924,977
42845,1741
43252,2480
43066,2813
40750,2957
39936,2972
40841,2986
41219,2130
41276,1157
41025,314
42025,5
42820,0
40183,0
37179,0
33212,0
29928,0
27157,0
25680,0
24849,0
24519,0
24849,0
26363,-1
29854,201
35800,1416
40389,2639
41946,3880
42041,4866
42237,5891
39822,6187
38942,5733
40095,5180
40018,3665
39781,2239
39316,779
40615,23
42269,0
39660,0
36722,0
32981,0
29857,0
27018,0
25433,0
24513,0
24134,0
24390,0
25717,0
28994,137
34767,1118
39309,2569
40832,4159
41082,5628
39733,5848
37787,6341
37414,6399
38501,5926
38246,4419
38013,2833
37437,1055
38846,60
41391,0
38840,0
35607,0
32300,0
29326,0
26536,0
24774,0
23804,0
23257,0
23265,0
23636,0
24522,220
28026,1982
30965,4633
32478,7227
32661,9048
32084,10409
30674,10784
29051,10181
27986,8705
27831,6882
28181,4350
28725,1445
31570,51
35278,0
33289,0
30319,0
27968,0
25402,0
23353,0
21596,0
20744,0
20426,0
20429,0
21120,18
21339,792
23434,3430
25329,6382
26202,8667
26149,9987
26313,10767
25177,10591
24489,9724
24143,8156
23764,5933
23849,3462
24837,917
28128,30
30981,0
29700,0
27594,0
25112,0
22489,0
20957,0
20268,0
20152,0
20596,0
22359,0
27758,6
32870,441
37642,2204
38970,4484
38701,6295
38453,7754
36710,8841
36404,8849
37683,8473
38009,7493
37763,5971
36712,3819
35935,1403
37724,66
39076,0
36357,0
32908,0
29538,0
26586,0
24639,0
23828,0
23506,0
24156,0
26025,0
30462,6
35095,545
39174,2601
40384,5387
40262,8108
40091,9999
37753,10882
37331,10926
37887,10223
38401,9345
37818,7109
36792,4326
36226,1375
38205,76
39849,0
37138,0
33609,0
30204,0
27082,0
25150,0
24163,0
23880,0
24069,0
25625,0
30140,0
34816,0
39405,0
40312,0
40280,0
39580,0
37431,0
37286,0
38106,0
37809,0
37647,0
36829,0
36284,0
38085,0
39813,0
37209,0
33675,0
30351,0
27352,0
25543,0
24579,0
24154,0
24180,0
25689,0
29753,4
33833,647
38623,3298
40313,6569
40219,8892
39793,10526
37289,11268
36981,11432
37723,10957
37892,9793
37531,7791
36281,4937
35573,1683
36698,89
38504,0
36026,0
32610,0
29859,0
26851,0
25001,0
23994,0
23735,0
23692,0
24876,0
28386,4
32123,581
36942,3052
38812,5796
38545,7958
38167,9333
35871,9989
34999,10520
35282,10405
35077,9129
34594,6927
33836,4098
33711,1324
35793,68
36829,0
34350,0
31205,0
28366,0
25488,0
23640,0
22457,0
21828,0
21473,0
21753,0
22985,18
24525,411
27399,1436
29195,2517
29299,3622
28774,4358
27976,5072
26634,4907
25914,4206
26113,3240
26452,2423
27210,1474
28456,539
30743,40
31829,0
29393,0
26903,0
24474,0
21882,0
19981,0
18869,0
18175,0
17882,0
18170,0
18733,10
19158,358
21416,1437
23667,2887
25129,4750
25882,6138
25288,6515
22515,6701
20808,6089
20760,5302
20893,4194
21053,2372
22028,984
24254,71
27151,0
26489,0
24894,0
22512,0
20629,0
18996,0
18134,0
17731,0
17636,0
18231,0
18983,11
19479,600
21716,2561
23642,5043
24304,7142
24550,8802
24263,9579
22885,9986
21699,9196
21528,8241
21449,6711
21635,4173
22709,1447
25514,85
28715,0
28042,0
25870,0
23257,0
21201,0
19591,0
18927,0
18713,0
19058,0
21339,0
26498,14
31477,773
37542,3221
40090,5992
40266,7865
40529,9715
37939,9935
37940,10324
38434,9528
38545,8706
38002,6657
36900,4374
36395,1698
37964,118
39966,0
37508,0
33464,0
29721,0
26707,0
24786,0
23975,0
23804,0
24084,0
25749,0
29961,14
35368,899
40429,3732
41805,6697
41471,8762
41037,9897
38815,10569
38295,10671
39114,10053
38967,8902
38711,7187
37558,4458
36779,1591
38502,127
40326,0
37930,0
33936,0
30392,0
27090,0
25259,0
24355,0
24027,0
24366,0
26102,0
30265,22
35541,904
40296,3486
41655,6392
40879,8199
40589,10125
38151,11037
37671,11427
38437,10931
38243,9805
37773,7762
36865,4981
36279,1834
37979,140
40129,0
37539,0
33903,0
30400,0
27148,0
25257,0
24309,0
23802,0
24146,0
25654,0
29802,22
35116,971
39439,3791
40609,6755
39957,9083
39389,10571
36787,11213
36425,11403
37056,10833
37012,9414
36694,7367
35559,4661
35225,1721
36924,167
39107,0
36580,0
33021,0
29734,0
26880,0
25077,0
23984,0
23399,0
23320,0
23761,0
25199,26
27668,878
30747,3137
32104,5837
31744,7996
30710,9667
29112,10749
27591,10710
27224,10238
27095,9125
27043,7182
27642,4572
28552,1694
30816,159
33313,0
31205,0
28727,0
26359,0
23907,0
21883,0
20868,0
20207,0
20072,0
20487,0
20594,39
21232,955
23257,3396
24665,5933
25745,8767
25785,10387
25696,11169
23994,11277
23204,10623
22844,9286
22546,7204
22940,4513
24191,1653
26848,178
30547,0
29519,0
27356,0
24647,0
22033,0
20523,0
19820,0
19650,0
20105,0
22150,0
26742,34
31927,1003
36477,3693
37352,6461
37308,8708
37054,10405
34856,11291
34610,11424
35816,10894
36067,9651
35834,7650
35032,4864
34354,1843
35781,169
38455,0
36113,0
32215,0
29146,0
26171,0
24345,0
23644,0
23300,0
23620,0
24913,0
28699,0
33754,0
38375,0
39830,0
39393,0
38789,0
36379,0
35882,0
36635,0
36904,0
36880,0
35678,0
35019,0
36351,0
38425,0
36146,0
32395,0
29240,0
26430,0
24854,0
23888,0
23541,0
23791,0
25206,0
28812,42
33423,1028
37852,3602
38812,6403
38548,8840
38709,10469
37148,11294
36766,11448
36818,10865
36902,9615
36783,7646
35622,4859
34902,1857
36153,178
38547,0
36496,0
32482,0
29168,0
,0
,0
,0
,0
,0
,0
,0
,0
,0
,0
,0
,0
,0
,0
,0
,0
,0
,0
,0
,0
,0
,0
,0
,0
26632,0
24849,0
23969,0
23750,0
23909,0
25303,0
28956,31
33837,625
38495,1802
40304,3409
40391,5418
40183,6624
37221,6911
36355,6754
37620,6862
37504,6196
37073,5013
35726,3469
35080,1409
35953,161
37898,0
35623,0
32108,0
29219,0
26567,0
24756,0
23763,0
23331,0
23139,0
23556,0
24516,36
27078,820
30535,2983
31890,5241
31444,7167
30414,8304
29120,8955
27622,8371
27437,7550
27488,6194
27505,4693
28263,3165
29100,1168
30628,119
32249,0
30231,0
27758,0
25597,0
23239,0
21523,0
20584,0
20191,0
20090,0
20358,0
20038,63
20748,871
22941,2686
24906,4974
26279,7135
26858,9062
26691,10163
24862,10293
23715,9364
23612,8432
23125,6130
23531,3926
24577,1713
26601,223
29568,0
28918,0
26754,0
24332,0
22257,0
20816,0
20162,0
20046,0
20468,0
22393,-1
26557,79
31897,1266
36130,4030
37294,6740
37044,8856
36942,10387
34541,11167
34591,11221
35420,10747
35643,9535
35609,7695
34717,5063
33897,2097
34955,231
37536,0
35838,0
32141,0
28894,0
25681,0
23997,0
23192,0
22957,0
23206,0
24666,-1
28103,76
33020,1346
37324,4335
38310,7194
38114,9400
37935,10838
35628,11352
35543,11443
36698,11032
36791,9694
36683,7895
35384,5166
34664,2123
35693,252
38046,0
36204,0
32529,0
29126,0
26713,0
24996,0
24112,0
23777,0
24023,0
25183,-1
28404,90
33589,1454
37655,4402
38428,7254
38312,9339
38115,10707
36328,11426
36203,11476
36869,10805
36963,9605
36845,7460
35617,4686
35001,1793
36238,250
38433,0
36568,0
32636,0
29233,0
26522,0
24972,0
24130,0
23803,0
24047,0
25241,0
28383,119
33518,1232
37690,3110
38953,5388
38978,7409
38656,8696
36014,9073
35470,8680
36542,8479
37032,7790
36297,5608
35879,3834
35168,1636
36108,261
38105,0
36264,0
32629,0
29576,0
26711,0
24835,0
23959,0
23568,0
23825,0
25312,-1
28348,97
33117,1082
37353,3238
38379,5163
38159,7051
37693,8481
35747,9241
35522,9699
36288,9254
36575,8533
36487,6992
35304,4574
34381,1929
35112,272
36932,0
35092,0
31550,0
28785,0
25736,0
23885,0
22642,0
22172,0
21712,0
21375,0
20472,114
21936,1223
24425,3246
25915,4848
26076,6296
26433,7571
26219,8145
24758,7766
24548,7135
24291,5930
24505,4733
24744,2949
25752,1249
27326,164
29466,0
28408,0
26411,0
24335,0
22000,0
20298,0
19344,0
18890,0
18772,0
19225,0
19001,101
20203,1028
22285,2667
24114,4492
25222,6394
25656,7483
25702,8043
24086,7716
23466,6889
23151,5652
23140,4025
23890,2882
25222,1534
26680,198
29125,0
28500,0
26315,0
24034,0
21648,0
20256,0
19705,0
19567,0
19890,0
21694,0
25897,43
31836,531
37373,1522
39053,2068
39393,2974
39637,3745
36974,3388
36830,3884
37968,3489
38315,2767
38568,2342
37659,1419
36482,645
37178,94
38026,0
35889,0
31954,0
28927,0
26213,0
24589,0
23773,0
23595,0
23776,0
25261,0
28487,108
33653,708
38034,1774
39192,3116
39160,4296
39273,5509
37095,6556
37084,7130
37964,6867
37749,5492
37723,4626
36658,3052
35761,1386
36151,253
37329,5
35591,0
32132,0
28970,0
26487,0
25066,0
24036,0
23752,0
24009,0
25052,0
27835,122
33237,1400
37846,3514
39100,5487
38719,6855
39093,8403
36846,8962
36683,9186
37605,9092
37746,8044
37567,6408
36328,4054
35472,1561
36347,266
38067,0
36268,0
32547,0
29389,0
26274,0
24618,0
23610,0
23338,0
23530,0
24763,-1
27832,148
33126,1083
38089,3037
39287,4857
38866,5913
38805,7533
36443,8822
35925,9372
36144,8622
36017,7367
36305,6530
34951,4402
33813,1820
34578,330
36192,0
34646,0
31067,0
27925,0
25649,0
23589,0
22310,0
21522,0
20830,0
20226,0
18769,182
20120,1471
22383,3467
24078,5387
24639,6782
25039,7899
24691,8094
23655,8129
22710,7295
22382,6348
22212,4690
22856,2983
24207,1177
25978,169
28458,0
27835,0
25671,0
23324,0
21347,0
19664,0
18798,0
18523,0
18765,0
19533,0
20322,174
22911,1222
25759,2961
27433,4828
27771,7033
27329,8280
26856,9121
25752,9275
24806,8796
25100,8301
25277,6487
25922,4199
26938,2031
28472,346
30383,3
29426,0
26876,0
24623,0
22478,0
20637,0
19682,0
19198,0
19085,0
19265,0
18569,176
19979,1314
22177,3416
24209,5302
25090,6551
25473,7264
25428,7561
24063,7579
23536,7590
23441,6936
22910,5205
23596,3615
24778,1652
26136,293
28693,-1
28779,0
26756,0
24038,0
21751,0
20474,0
19642,0
19422,0
19974,0
21718,0
25568,142
31659,1354
36738,3571
38180,5506
38378,6873
38585,8339
36360,9381
35919,9169
36947,8815
37005,7362
37081,5815
36517,4163
35422,1791
35841,332
37385,0
36044,0
32331,0
29204,0
26502,0
24834,0
24141,0
23902,0
24191,0
25226,-1
27959,232
33349,1477
38649,3379
39957,5337
39684,7240
39719,8322
37495,9003
37427,9388
38368,8582
38823,7740
38919,6156
37837,4079
36612,1696
36867,371
38252,8
36929,0
33055,0
29952,0
27065,0
25432,0
24691,0
24403,0
24725,0
25755,3
28528,232
33898,1578
38052,3451
39764,5692
39807,7267
39430,7448
37013,7785
36672,7732
38207,7568
38433,6494
39149,5460
37870,3462
36982,1769
37462,418
38478,5
37437,0
33777,0
30490,0
27391,0
25632,0
24633,0
24415,0
24652,0
25612,3
28174,209
33674,1480
37696,3416
39004,5926
39356,8469
39283,9980
37381,10871
37062,10821
38142,10085
38585,8525
38692,6433
37599,4199
36649,1952
36694,453
37931,7
36964,0
33462,0
30487,0
27616,0
25753,0
24956,0
24568,0
24762,0
25576,-2
28179,260
33611,1876
38068,4515
39463,6891
39826,9001
39968,10341
37843,10886
37498,10729
39041,10146
39269,8664
39301,6800
37951,4342
36789,1822
36522,309
37384,-2
35962,0
32725,0
29937,0
27417,0
25628,0
24703,0
24257,0
23976,0
23945,3
24102,272
27452,1846
30404,4454
32230,7033
32146,8823
31517,10007
30367,10577
28923,10221
28112,9043
28303,8076
28627,6347
29163,4329
29446,1994
30153,406
31451,6
30942,0
28610,0
26559,0
24323,0
22431,0
21517,0
20985,0
20855,0
20807,3
20007,267
21680,1821
23866,4494
25504,7110
26292,9054
26594,10332
26100,10842
24463,10649
23880,10225
23599,8951
23870,7424
24300,5071
25178,2355
26467,451
28636,7
29609,0
27793,0
25375,0
23091,0
21715,0
20982,0
20830,0
21201,0
22512,3
25984,256
31645,1918
36193,4676
37484,7170
37612,9171
37604,10360
36104,11187
35961,11226
36806,10479
37391,9306
37733,7576
36638,5018
35573,2254
35856,472
37069,9
36572,0
33011,0
29930,0
27030,0
25642,0
24702,0
24407,0
24536,0
25525,4
28167,287
33544,1905
38026,4598
39511,7118
39269,9134
39165,10416
37090,11068
36954,10964
38143,10258
38659,9066
38699,7091
37879,4857
36753,2173
36638,484
38007,11
37341,0
33682,0
30479,0
27718,0
26003,0
25158,0
24942,0
25051,0
26004,-2
28777,362
34237,1951
38347,4152
40153,6334
40239,8139
40237,9039
37928,9738
37924,10213
39151,9921
39547,8931
39893,7286
38746,4888
37472,2330
37272,546
37977,10
37141,0
33532,0
30439,0
27672,0
26008,0
25060,0
24721,0
24888,0
25800,-1
28396,317
33680,1824
38451,4279
40379,6859
40772,8836
40709,10099
38727,10694
38582,10834
39625,9932
39816,8449
39585,6388
38647,4250
37239,1948
37466,458
38084,11
37500,0
33722,0
30646,0
27867,0
26167,0
25440,0
25233,0
25497,0
26544,5
29246,256
34751,1186
39094,2457
40566,3464
40857,4276
41072,5239
38799,5446
38514,5070
39384,4779
39217,4555
39874,4068
38689,2870
37592,1448
37270,422
37110,9
35788,0
32586,0
30003,0
27728,0
25649,0
24788,0
24092,0
24108,0
24045,0
24360,169
27399,938
30259,2308
31905,3859
31575,4844
30812,5647
29979,6729
28818,7366
27614,6699
27839,6271
28268,5441
28427,3525
28988,1729
30005,435
30758,28
30551,0
28436,0
26540,0
24615,0
22807,0
21767,0
21139,0
21023,0
20709,5
20075,298
21537,1680
23645,3850
25781,6408
26675,8457
27148,9667
27140,10185
25701,10138
25227,9855
24697,8535
24431,6812
24810,4567
25672,2164
26933,505
28458,21
29754,0
27972,0
25481,0
22903,0
21635,0
20912,0
20713,0
21225,0
22604,-2
26322,360
32230,1905
36957,4399
38460,6646
38871,8523
38662,9586
36796,10059
36683,9691
38101,9488
38660,8740
38549,7026
37344,4789
36272,2392
36163,560
37049,17
36739,0
33383,0
30207,0
27548,0
25893,0
24967,0
24629,0
24807,0
25722,5
28405,305
33860,1664
38770,4018
40604,6649
40973,8570
41149,9946
38940,10542
38565,10436
39629,9251
40496,8267
40054,6368
39173,4279
37885,2170
37606,501
38177,17
37291,0
33609,0
30389,0
27827,0
26387,0
25486,0
24969,0
25234,0
25936,8
28872,302
34454,1553
39324,3355
41059,4900
41861,6287
41560,7033
39296,7694
38897,7590
39713,7505
40115,6403
40109,4963
38611,3240
37696,1809
37257,492
37489,22
36660,0
33223,0
30170,0
27455,0
25841,0
25006,0
24807,0
24935,0
25737,5
28321,310
33931,1083
38488,2524
40508,4365
40656,5810
39968,6674
38027,7797
37482,7475
38249,6483
38795,5954
38637,4898
37670,3423
36438,1715
36172,432
36179,18
35628,0
32353,0
29445,0
27205,0
25537,0
24661,0
24366,0
24592,0
25285,0
27902,172
33537,1112
38170,2733
39686,4125
39533,4455
39509,5320
37143,5814
36917,6107
37389,5487
37379,4816
37661,4228
36617,2737
35585,1276
35841,337
35979,9
35473,0
32192,0
29520,0
26781,0
25047,0
24096,0
23644,0
23441,0
23323,3
23983,232
27055,1306
29739,2764
31656,4280
31952,5054
31573,5941
30203,6452
28919,6473
28148,5816
28043,4960
28251,4062
28771,2952
29402,1468
30057,417
30443,22
30004,0
27985,0
25906,0
23755,0
22103,0
20989,0
20494,0
20344,0
19814,7
19492,351
21083,1745
22953,3635
24475,5476
25353,7169
25072,7176
25062,7038
23962,7647
23834,8010
23882,7563
23770,6187
24026,4382
24691,2199
25970,557
27558,27
28955,0
27216,0
24893,0
22436,0
21015,0
20367,0
20205,0
20692,0
21707,6
25585,361
31250,2000
35802,4525
37289,6740
37760,8661
37596,9466
35663,9907
36136,10090
37299,9394
37579,7918
37459,6406
36534,4218
35277,1959
35194,480
35810,31
35804,0
32530,0
29411,0
26630,0
25001,0
24157,0
23674,0
23806,0
24575,14
27570,372
33365,1681
38132,3597
39626,5391
38828,5631
38213,5667
36912,7019
36791,7008
37949,6581
38598,5797
38609,4587
37289,2687
36356,1334
36496,477
36416,40
35987,0
32743,0
29831,0
26996,0
25325,0
24293,0
24051,0
24222,0
24809,4
27551,218
33091,1358
37586,3208
38623,4935
39180,6987
39445,8360
36787,8413
36198,7900
37184,7426
37758,7072
38103,6206
37092,4478
35855,2309
36010,515
36257,26
36361,0
33200,0
30082,0
27244,0
25624,0
24773,0
24417,0
24537,0
24957,5
27776,401
33123,2091
37474,4866
38941,7397
39353,9329
39283,10438
37025,10669
36635,10661
37311,10170
37583,9444
37172,7825
36117,5505
35098,2750
35318,697
35650,42
36090,0
32913,0
29800,0
26967,0
25209,0
24394,0
24115,0
24272,0
24492,5
27382,417
32750,2185
36786,4877
37963,7104
38194,9020
37978,10378
36110,11133
35992,11166
36729,10662
36981,9785
36720,7992
35631,5482
34848,2706
34775,675
35107,39
35137,0
32515,0
29761,0
26879,0
24887,0
23787,0
23208,0
23050,0
22407,9
22932,460
25821,2177
28752,4768
30493,7137
30793,9068
30283,10213
29137,10650
27965,10631
27386,10236
27029,8813
27312,7259
27672,5008
28091,2418
28304,730
29474,56
29814,0
28041,0
25849,0
,0
,0
,0
,0
,0
,0
,0
,0
,0
,0
,0
,0
,0
,0
,0
,0
,0
,0
,0
,0
,0
,0
,0
,0
22574,0
21106,0
20295,0
19934,0
20087,0
20236,10
21876,476
25576,2039
28748,4356
30381,6881
30903,8965
30953,10231
30238,10664
29868,10507
30223,9956
30695,8957
30250,7014
30222,4966
30143,2513
30569,753
30682,64
31221,0
28613,0
25922,0
23908,0
22237,0
21220,0
20683,0
20488,0
19646,9
19512,452
21418,2166
23677,4789
25431,7347
26183,9174
26488,10417
26381,11109
25346,11064
24872,10515
24722,9520
24714,7677
25273,5366
25974,2752
26885,754
27918,61
29375,0
28142,0
25437,0
23353,0
21742,0
21009,0
20783,0
21110,0
21912,7
26026,425
31783,2113
36931,4749
39084,7207
39794,9098
39980,10344
38070,10917
38198,10973
39568,10533
40064,9450
40430,7742
39492,5449
37872,2847
37370,736
37267,45
37401,0
34421,0
31116,0
28333,0
26589,0
25491,0
25192,0
25502,0
25825,12
29034,443
34486,2072
39581,4677
41488,7094
42013,8981
42246,10157
40381,10824
40412,10892
41538,10365
42090,9205
41569,7148
40701,5001
39590,2622
39144,727
38800,47
38949,0
35945,0
32797,0
29693,0
27733,0
26718,0
26363,0
26437,0
26607,12
29801,431
35601,1976
40433,4432
42654,6880
43290,8786
43405,9913
41722,10434
41909,10609
42868,9911
42878,8723
43088,7292
41894,5236
40653,2662
40071,695
39244,53
39094,0
36407,0
33585,0
30872,0
28754,0
27427,0
26681,0
26319,0
25516,16
26404,450
29570,1983
32849,4460
35192,6931
35718,8775
35532,9883
34463,10410
33557,10548
33042,9933
32704,8633
33437,7184
33642,4801
34500,2622
34634,802
34389,62
34339,0
32444,0
30126,0
27372,0
24873,0
23854,0
23303,0
23142,0
22175,17
22064,447
23593,2010
25572,4308
27380,6753
28589,8541
29424,9785
29683,10205
28818,10201
28253,9266
28480,8250
28725,6429
29242,4773
29914,2523
30771,731
31515,60
32879,0
31567,0
28991,0
,0
,0
,0
,0
,0
,0
,0
,0
,0
,0
,0
,0
,0
,0
,0
,0
,0
,0
,0
,0
,0
,0
,0
,0
29654,0
27904,0
26930,0
26444,0
26731,0
26908,15
29990,457
35514,1993
40418,4282
42379,6320
43304,7950
43635,9151
41879,9212
41353,8636
42761,7618
43705,6509
43959,5365
42309,3518
40909,2029
39930,755
38665,65
38948,0
36278,0
33294,0
30016,0
28313,0
27362,0
26896,0
27043,0
27225,17
30321,463
35770,2062
41118,4605
43300,6997
43796,8674
44181,10055
42529,10680
42187,10408
42862,9413
43519,8445
43363,6425
42179,4459
40915,2483
39993,751
39019,81
38857,0
36317,0
33269,0
30330,0
28513,0
27458,0
26978,0
27069,0
27152,14
30079,486
35437,2119
40391,4649
42798,7091
43526,8959
44078,10167
42585,10745
42388,10693
43728,10419
43998,9200
44264,7283
43124,5155
41361,2529
40678,813
39755,77
39956,0
37351,0
34305,0
31137,0
29123,0
27882,0
27394,0
27485,0
27534,12
30557,511
35791,2084
41084,4240
43488,6156
44432,7419
44744,7960
42988,8654
42444,8596
42495,7134
42837,6061
43016,4804
42350,3375
41070,1834
40266,592
39072,45
39047,0
36345,0
33278,0
30662,0
28714,0
27412,0
26791,0
26451,0
25776,20
26422,461
29464,1700
32656,3732
34432,5517
35512,7607
35035,8671
33905,9085
32652,9075
32003,8895
31919,7474
32448,5632
33093,3827
33825,2143
33973,773
33105,76
33563,0
31835,0
29615,0
27320,0
25372,0
24271,0
23653,0
23278,0
22470,15
22337,450
24000,1752
26109,3162
28031,4716
29225,6002
29570,7019
29420,7001
27724,6533
27689,6471
27523,6158
27458,5410
27797,3824
28462,2212
29144,704
29811,69
31280,0
29976,0
27641,0
,0
,0
,0
,0
,0
,0
,0
,0
,0
,0
,0
,0
,0
,0
,0
,0
,0
,0
,0
,0
,0
,0
,0
,0
29795,0
27899,0
26838,0
26497,0
26653,0
26750,9
29727,414
35300,1889
40601,4234
42765,6580
43455,8210
43975,9329
42016,9389
41961,9099
43113,8172
43269,7092
43689,5732
42419,3746
41096,1936
40199,570
38908,49
38563,0
35768,0
32749,0
30176,0
28209,0
27081,0
26712,0
27034,0
27344,9
30540,317
35813,1318
40893,3177
43051,4783
44471,6878
43906,7240
40521,6433
40517,6666
42413,7429
42476,6272
42390,5441
40654,3742
39659,2283
39278,851
38349,84
38377,0
35734,0
32565,0
29918,0
28164,0
27129,0
26896,0
26970,0
27107,13
30035,448
35375,2170
40555,4490
42361,6636
43014,8262
42890,9055
40785,9587
40512,9454
41104,8980
41282,8284
41465,6946
40454,5228
39190,2843
38828,835
38003,64
38277,0
35979,0
32641,0
29878,0
28058,0
26866,0
26562,0
26731,0
27016,12
30069,453
35025,1895
40108,4123
42322,6182
42603,7745
42622,8880
40954,9852
40904,10168
42073,9587
42297,8310
42299,6493
41008,4488
39654,2457
39089,852
38118,80
37877,0
35606,0
32621,0
29884,0
27849,0
26664,0
25838,0
25571,0
24476,14
24858,379
28375,1889
31387,4138
33121,6016
33468,7213
32769,7977
31658,8476
30650,8868
29972,8397
29296,7034
30048,6073
30715,4443
31174,2524
31382,725
31147,72
31391,0
30157,0
28041,0
25758,0
23950,0
22874,0
22187,0
22021,0
21152,10
20862,393
22304,1958
24182,4293
26063,6946
27027,8776
27533,10013
27328,10392
25878,10000
25534,9751
25291,8929
25288,7597
25592,5450
26532,2954
27425,852
28218,110
29686,0
28846,0
26510,0
24073,0
22501,0
21785,0
21527,0
21969,0
22789,10
26903,400
32497,2018
37635,4597
39942,7089
40664,8987
40747,9886
38918,10451
39469,10677
40420,9812
40615,8344
39925,6039
38986,4426
37864,2496
37563,865
36902,83
37177,0
34513,0
31602,0
28953,0
27176,0
26352,0
26036,0
26079,0
26481,12
29420,413
34991,1936
40073,4197
42361,6576
43051,8282
43125,9300
41131,9891
40608,9593
41461,8805
41792,7432
42650,6685
41411,4858
39821,2402
39236,787
38049,94
37796,0
35370,0
32422,0
29537,0
27603,0
26524,0
26023,0
26127,0
26393,3
29231,316
34529,1581
39624,3545
41263,5516
41643,7482
41890,9193
39789,9655
39454,9984
40795,9973
40803,8771
41201,7728
39709,5244
38451,2782
38284,842
37438,74
37566,0
35029,0
32020,0
29403,0
27476,0
26467,0
26026,0
26208,0
26215,9
29247,407
34528,2048
39377,4637
41615,7131
42037,8979
41921,10326
39854,11086
39671,11045
40540,10458
40814,9230
41105,7686
40106,5567
38857,3000
38422,984
37660,122
37779,0
35305,0
32666,0
29796,0
27822,0
26730,0
26187,0
26327,0
26485,10
29211,409
34623,2074
39643,4841
41724,7355
42441,9348
42522,10626
40647,11315
40094,11344
40817,10717
41040,9741
40975,7949
39954,5672
38796,2922
38303,842
37385,71
37459,0
35356,0
32322,0
29503,0
27406,0
26357,0
25658,0
25546,0
24885,8
25589,383
28584,2063
31583,4426
33636,7046
34337,9036
34141,10392
33005,10978
31605,11041
30526,10269
30442,9227
31008,7637
31580,5518
32183,2859
32417,846
31814,95
32046,0
30531,0
28430,0
26204,0
24605,0
23349,0
22671,0
22338,0
21636,10
21404,394
23035,1941
25029,4328
26628,6725
27577,8524
27749,9576
27900,10021
27100,10384
26803,10232
26736,9466
26755,7589
27386,5405
28199,3017
29212,906
29775,83
31324,0
30462,0
28272,0
25367,0
23763,0
23037,0
22764,0
23068,0
23765,9
27581,397
33079,1986
38485,4501
40855,6731
41759,8304
42034,9345
40416,9833
39861,9598
40750,9213
41741,8672
41552,6753
40607,4960
39290,2636
38994,900
38156,89
38078,0
35751,0
33110,0
30220,0
28210,0
27133,0
26706,0
26753,0
26750,17
29818,441
35281,1910
40496,4160
43066,6609
43794,8466
44047,9811
42083,10431
41853,10191
43036,9720
43687,8925
43919,7543
42736,5417
41047,2854
40310,822
39249,73
39331,0
37207,0
34077,0
31196,0
29081,0
27974,0
27386,0
27494,0
27664,8
30801,365
36339,1986
41627,4599
44096,7059
44984,8951
45262,10214
43714,10887
43506,10955
44522,10566
44962,9455
45249,7834
44250,5514
42809,2972
41935,866
40855,76
40727,0
38349,0
35241,0
31989,0
29909,0
28776,0
28079,0
27969,0
28250,10
31255,385
36665,1964
42292,4486
44694,6961
46008,8935
46475,10187
44979,10860
44884,10892
45954,10474
46354,9422
46476,7702
45470,5469
44030,2868
43156,878
42165,109
42022,0
39625,0
36601,0
33106,0
30991,0
29616,0
28872,0
28878,0
29047,10
32068,396
37639,1955
43032,4380
46003,6753
47340,8597
47959,10003
46387,10638
46438,10721
47318,10314
47749,9310
48060,7418
46345,4620
44541,2282
43473,831
42180,123
41836,0
39205,0
36121,0
32901,0
30693,0
29369,0
28500,0
28122,0
27381,9
28021,385
31060,1872
34504,4399
36796,6823
37741,8737
37702,9991
36814,10527
35908,10648
35283,10177
35183,9159
35614,7530
36239,5307
36929,2826
37508,848
36990,87
36991,0
35373,0
33063,0
30512,0
28382,0
26970,0
25978,0
25609,0
24602,3
24015,356
25685,1823
27716,4265
29491,6657
30954,8567
31736,9762
32221,10395
31797,10558
31692,10309
31341,9122
31718,7390
32562,5166
33487,2668
34455,843
34932,84
36560,0
35493,0
33005,0
30075,0
27853,0
26694,0
26147,0
26253,0
27064,8
31137,367
37067,1779
43172,4098
46467,6459
47996,8339
48846,9578
47854,10251
48276,10350
49497,9883
49857,8931
49926,7271
48808,5065
47065,2678
46158,825
45202,83
45125,0
42648,0
39389,0
36103,0
33514,0
32123,0
31541,0
31270,0
31543,7
34366,361
40060,1813
46100,4107
49346,6403
50895,8270
51818,9627
50509,10342
50702,10461
51631,9916
51965,8859
52091,7178
50555,4838
48883,2543
47921,841
46763,84
46623,0
44153,0
40850,0
37380,0
34848,0
33361,0
32530,0
32368,0
32596,3
35335,314
40733,1704
46727,3952
49704,6184
51438,8059
52190,9256
50969,9951
50607,10056
51651,9722
51944,8868
52097,7265
50713,5124
48480,2697
47145,824
45653,81
45407,0
42472,0
39412,0
36335,0
33900,0
32494,0
31768,0
31441,0
31627,6
34254,300
38975,1460
44184,3330
47205,5668
48051,7457
48444,8728
47044,9606
47428,10187
48283,9785
48637,8993
48691,7291
47041,5236
45086,2754
43993,795
42950,72
42826,0
40727,0
37804,0
34557,0
32208,0
30894,0
30271,0
30214,0
30671,6
33261,291
38309,1635
43531,3980
46197,6397
46968,8231
47183,9541
45425,10156
45217,10096
46252,10102
46399,9244
46408,7494
45354,5258
43756,2877
42802,868
41723,80
41404,0
39293,0
36495,0
33686,0
31522,0
30003,0
29114,0
28781,0
28043,5
28456,279
31158,1653
34345,4178
36478,6669
37396,8584
37248,9843
36149,10598
35063,10765
34669,10380
34588,9446
34995,7715
35687,5353
36331,2873
36693,800
36271,68
36315,0
34771,0
32592,0
30277,0
28270,0
26809,0
25971,0
25610,0
24834,5
24164,312
25208,1737
27532,4183
29239,6611
30535,8578
31262,9858
31603,10435
31121,10647
30954,10393
30789,9326
30979,7614
31693,5397
32354,2777
33256,825
33985,76
35530,0
34502,0
32237,0
29815,0
27834,0
26700,0
26162,0
26357,0
27375,-2
30905,275
36366,1569
42574,3712
45687,5789
47186,7491
47702,8203
46594,9171
46832,9375
48387,9210
48834,8356
48750,6778
47581,4820
45646,2608
44611,837
43889,65
43854,0
41324,0
38202,0
34996,0
32836,0
31467,0
30646,0
30501,0
30952,4
33528,290
38830,1633
44308,4006
47309,6436
48631,8368
49507,9619
48310,10323
48525,10437
49866,9988
50168,8927
50363,7378
49209,5269
47446,2782
46481,804
45287,61
45226,0
42842,0
39980,0
36581,0
34301,0
32830,0
32159,0
31878,0
32350,-1
34892,256
40193,1603
45944,3977
49118,6388
50401,8288
51269,9688
50190,10389
50614,10451
51764,9998
52084,8999
52139,7211
50932,4989
48911,2645
47477,810
46575,74
46545,0
44149,0
40931,0
37723,0
35194,0
33611,0
32883,0
32698,0
32942,3
35326,251
40550,1612
46487,3954
49815,6356
51228,8354
52163,9702
50901,10176
51304,10341
52494,9856
52869,8850
52674,7206
50997,5046
49296,2589
48182,749
47263,93
47226,0
44633,0
41431,0
38300,0
35534,0
33863,0
33005,0
32805,0
33068,3
35282,255
40496,1599
46158,3984
49718,6269
51160,8149
51973,9395
51048,10268
51160,10381
52065,9962
52311,8887
51982,7178
50738,5032
49225,2652
47866,747
46547,52
46243,0
43477,0
40446,0
37640,0
34980,0
33318,0
32313,0
31598,0
30931,3
31058,235
33977,1526
37047,3916
39476,6322
40670,8223
40999,9523
40566,10213
39761,10278
39647,10104
39638,9101
39873,7428
40157,5163
40555,2658
40771,726
40158,45
40267,0
38285,0
36068,0
33809,0
31357,0
29901,0
28786,0
28224,0
27525,-1
26431,228
27910,1576
29941,4074
31998,6589
33414,8615
34363,10024
35272,10744
35057,10855
34954,10449
34961,9402
35092,7763
35379,5472
36145,2819
36869,777
37606,45
39221,0
37966,0
35535,0
32867,0
30658,0
29386,0
28621,0
28684,0
29724,-1
33161,225
38942,1539
45139,3983
48841,6471
50323,8391
51470,9700
50467,10270
51072,10345
52196,9758
52675,8899
52774,7210
51253,4964
49596,2692
48493,750
47693,53
47831,0
45047,0
41642,0
38709,0
36087,0
34437,0
33632,0
33290,0
33695,0
35995,205
41266,1492
47087,3909
50561,6342
52153,8287
53243,9565
52309,10190
52597,10315
53894,9878
54255,8882
54279,7252
52952,5101
51270,2688
49971,739
49156,42
49120,0
46280,0
43148,0
,0
,0
,0
,0
,0
,0
,0
,0
,0
,0
,0
,0
,0
,0
,0
,0
,0
,0
,0
,0
,0
,0
,0
,0
38569,0
36963,0
35457,0
34474,0
34094,0
34656,0
36769,196
41562,1460
46905,3780
50415,6150
52152,8193
53071,9365
52455,10013
52851,9924
53700,9190
53997,8095
53758,6647
52219,4727
49779,2291
48330,600
47272,38
46847,0
44033,0
41125,0
37945,0
35600,0
34186,0
33280,0
33124,0
33661,-1
35912,197
40764,1449
45989,3643
49004,5928
50425,7915
51216,9042
50598,9823
50789,9829
51204,8433
51305,7042
50701,5263
49504,4010
47596,2309
45809,592
44582,34
44248,0
41458,0
38618,0
36026,0
33785,0
32337,0
31388,0
30867,0
30325,0
30384,193
33189,1396
36167,3700
38448,6117
39399,8159
39343,8906
38457,9400
37138,9023
37310,9111
37853,8600
37567,6785
37966,4904
38034,2530
38360,701
37988,42
37938,0
36152,0
33867,0
31599,0
29551,0
28362,0
27379,0
26930,0
26352,0
24931,178
26239,1444
27986,3637
29610,5917
30617,7800
31444,9238
31439,9537
30839,9466
30744,8800
30523,7464
30808,6392
31340,4724
32235,2479
33025,750
33851,38
35366,0
34194,0
31928,0
29971,0
28226,0
27157,0
26790,0
26983,0
28299,-2
31548,165
37036,1443
42712,3941
45599,6366
46547,8377
47438,9755
45871,10195
46480,10525
47589,10188
47909,9188
47367,7460
46351,5274
44586,2707
43564,628
42858,28
43110,0
40236,0
37286,0
34349,0
32362,0
31016,0
30401,0
30312,0
31111,-2
33418,166
38407,1456
43833,3949
46747,6274
47811,8306
48650,9729
47139,10467
47032,10373
48280,10078
48437,9165
48530,7586
47149,5197
45528,2667
44552,634
43495,24
43296,0
40416,0
37545,0
34494,0
32254,0
31005,0
30373,0
30080,0
30997,-2
33308,161
38203,1484
43596,4077
46567,6576
47825,8598
48448,9877
47088,10689
47116,10688
48251,10123
48640,9180
48673,7430
47405,5217
45663,2592
43997,612
42676,25
42366,0
39439,0
36767,0
34092,0
31851,0
30444,0
29856,0
29799,0
30643,-2
32968,156
38053,1430
42889,3518
45510,5578
46712,7448
47195,8942
45815,9755
45984,9886
46894,9309
47386,8232
47369,6378
46156,3903
44549,1900
43379,512
42554,23
42307,0
39646,0
36626,0
33736,0
31659,0
30386,0
29765,0
29563,0
30368,-1
32469,137
37118,1057
41917,3027
44468,5155
45302,6819
45785,8430
43957,8947
43755,9386
44473,9096
44487,7926
44720,6656
44116,5028
42652,2562
41337,569
40563,18
39994,0
37159,0
34445,0
32067,0
30124,0
28856,0
27827,0
27466,0
27393,0
27546,138
29964,1360
32808,3432
35049,5492
35777,7085
35934,8246
35004,8575
33988,8519
33228,7380
33313,6104
33452,4504
34259,3112
34623,1595
34652,397
34608,14
34429,0
32185,0
30017,0
28318,0
26640,0
25532,0
24799,0
24335,0
24170,0
23090,148
24108,1269
25961,3455
27454,5574
28554,7563
29434,8671
29713,9007
29394,9398
28927,8894
29088,8471
29396,6932
29522,4560
30228,2274
31203,550
32523,18
33747,0
32159,0
29895,0
27583,0
25887,0
24859,0
24347,0
24286,0
25430,0
27619,127
32061,1168
37255,3528
40124,6142
41230,8286
41738,9397
40975,9797
41070,9628
42214,9725
42690,9087
42782,7447
41939,5152
40426,2556
39702,556
39486,13
39479,0
36585,0
33644,0
30849,0
28911,0
27778,0
27090,0
27075,0
27692,0
29375,119
33669,1230
38458,3728
41414,6324
42585,8278
43273,9400
42238,9675
41836,9433
43053,9464
43683,8990
43841,7330
43079,5129
41851,2479
41155,565
40885,25
40656,0
37535,0
34682,0
31947,0
29805,0
28431,0
27793,0
27686,0
28451,0
30008,123
34307,1334
39064,3784
41949,6340
42998,8399
43897,9864
43610,10589
43549,10610
44318,10327
44438,9181
44512,7594
43783,5220
42730,2557
42005,569
41819,15
41477,0
38488,0
35514,0
32855,0
30648,0
29280,0
28561,0
28227,0
28906,0
30354,97
34272,1246
38712,3709
41734,6320
43087,8424
44101,9790
43688,10482
43669,10575
44376,10128
44526,9054
44722,7514
44121,5181
42968,2487
42399,510
42246,8
41823,0
38687,0
35629,0
33016,0
30700,0
29238,0
28490,0
28093,0
28643,0
30021,96
33535,1192
38070,3669
41154,6318
42605,8395
43328,9743
42753,10229
42623,10210
42717,9528
43051,8929
43085,7358
42441,4946
41506,2459
41020,540
40708,11
40153,0
37474,0
34422,0
31978,0
29898,0
28416,0
27319,0
26744,0
26722,0
26346,93
28352,1201
31267,3549
33663,5997
34532,7654
35095,8770
35107,8902
35173,9462
35271,8964
34876,7552
35374,6323
35650,4468
35771,2134
35850,461
36050,8
35612,0
33364,0
31009,0
28710,0
26889,0
25474,0
24580,0
24108,0
23950,0
22857,96
23615,1116
25357,3391
27349,5916
28746,7830
29661,9000
30538,9660
30479,9497
30781,8892
30791,7794
31038,6194
30895,4069
31084,1742
31903,374
33036,6
33445,0
31525,0
29145,0
26743,0
25113,0
24080,0
23459,0
23334,0
23967,0
24854,81
27366,1107
30575,3235
32430,5063
32863,6355
33048,7086
33450,7709
33272,7174
33592,6745
33391,5376
32866,3736
32540,2266
32785,1187
33073,261
33603,7
33184,0
30601,0
28402,0
26098,0
24436,0
23368,0
22878,0
22794,0
23322,-1
23854,117
26245,1032
29692,3175
31852,5508
32795,7353
33068,7989
33208,8747
33051,9167
32870,8740
32724,7721
32779,5769
33326,4057
33092,1811
33625,406
34219,4
33729,0
31199,0
28921,0
26567,0
24791,0
23641,0
23001,0
22847,0
23510,-1
24172,87
26634,1114
29775,3316
32233,5829
33126,7649
33965,8928
34166,9519
33792,9419
33603,8857
33899,8209
34214,6686
34468,4636
34493,2218
34520,437
35378,-2
34847,0
32183,0
29729,0
27171,0
25342,0
24146,0
23530,0
23292,0
23847,0
24301,69
26583,1118
29647,3628
32065,6285
33095,8418
33864,9709
34245,10400
34174,10483
34282,9976
34545,8773
34786,7004
34981,4699
34924,2170
35342,407
36218,-1
35485,0
32671,0
30043,0
27634,0
25585,0
24287,0
23536,0
23261,0
23694,0
24155,70
26249,1108
29079,3343
31303,5437
32287,7192
33093,8447
33501,9112
33165,8925
33170,8369
32289,6603
32876,5276
33125,3667
33037,1619
33132,287
34062,-1
33076,0
30555,0
28264,0
26048,0
24117,0
22841,0
22103,0
21736,0
21725,0
21002,71
21587,978
23358,3107
24771,5238
25871,7207
25830,7406
26173,7586
25529,7202
25456,6885
24819,5971
24571,4827
25298,3479
25634,1480
26608,204
28569,0
28709,0
26766,0
25098,0
23364,0
21709,0
20783,0
20180,0
19974,0
20113,0
19582,77
20003,648
21688,2061
22799,2973
23544,4079
24162,4795
24336,4985
23396,5104
23375,6092
23379,6587
23430,5663
23968,3855
24429,1656
25667,312
27871,-1
27935,0
25973,0
23929,0
21947,0
20534,0
19799,0
19381,0
19553,0
20366,0
21476,53
23522,1077
26566,3514
28338,5732
28873,7547
29239,8840
29766,10154
29326,10442
29379,10331
29421,9354
29546,7436
29691,5010
29664,2252
30029,309
31332,-1
30481,0
28095,0
25793,0
23386,0
21866,0
20996,0
20533,0
20668,0
21395,0
22270,0
24352,0
27332,0
29181,0
29889,0
30117,0
30005,0
29587,0
29454,0
29079,0
29633,0
30144,0
30359,0
30845,0
32334,0
31074,0
28508,0
26074,0
24133,0
22602,0
21685,0
21258,0
21247,0
21969,0
23112,63
25211,630
28081,2227
29682,3857
30697,6092
30818,7516
30393,7952
29743,8380
29586,8228
29527,7205
29913,5934
30070,4340
30040,1964
30555,293
31861,0
30782,0
28377,0
26228,0
24049,0
22385,0
21458,0
21078,0
20945,0
21858,0
22843,40
24891,1081
27584,3805
29350,6354
30072,8545
29989,9454
30203,10405
29501,9994
29582,9577
29799,8629
30203,6986
30683,4797
30843,2052
31268,271
32739,0
31436,0
28972,0
26535,0
24547,0
22964,0
22053,0
21559,0
21569,0
22440,0
23510,36
25407,991
28065,3353
29642,5465
30479,7456
30787,8637
30842,9523
30333,9714
30157,9227
30311,8139
30554,6596
30884,4469
31180,1990
31707,282
33130,0
31550,0
28850,0
26662,0
24573,0
23124,0
22098,0
21566,0
21326,0
21897,0
22302,39
23466,1068
25728,3727
27442,6331
28026,8197
27908,9565
27783,10460
27027,10581
26570,10121
26686,9294
26980,7466
27875,4829
28679,2051
29481,249
31134,0
29759,0
27563,0
25549,0
23628,0
21953,0
20965,0
20321,0
20231,0
20386,0
20093,42
20727,992
22467,3208
24408,5678
25439,7450
26009,8783
26167,9258
25495,9067
25292,8693
24817,7425
24703,5387
25347,3343
26470,1428
27885,144
30000,0
29137,0
27312,0
25077,0
23060,0
21384,0
20678,0
20421,0
20686,0
21993,0
24566,26
27850,723
32621,2526
35290,4426
36172,6215
36881,7698
35533,7928
35849,8294
36590,7798
36226,6446
36428,5225
36023,3380
35351,1488
35640,138
37032,0
34886,0
31677,0
29288,0
26743,0
25122,0
24182,0
23746,0
23814,0
24958,0
27158,34
30458,786
34769,2575
37099,4331
37808,6037
37877,7440
37066,8549
36953,9064
37026,8363
37261,7452
37626,6323
37282,4220
36734,1827
36769,194
38340,0
36157,0
32969,0
30284,0
27885,0
25996,0
24960,0
24373,0
24372,0
25340,0
27641,26
30921,955
35418,3486
37433,6058
38263,8203
38726,9682
37590,10011
37149,9928
37593,9336
37889,8422
38261,6914
37833,4617
36867,1860
37303,186
38806,0
36666,0
33745,0
30921,0
28583,0
26788,0
25740,0
25182,0
25214,0
26194,0
28449,26
31556,953
36294,3604
38612,6409
39514,8529
39951,9937
38911,10462
38456,10430
39095,10282
39409,9075
39806,7074
39135,4554
38421,1808
38583,173
40008,0
37602,0
34357,0
31659,0
29155,0
27400,0
26261,0
25651,0
25701,0
26769,0
29015,0
32325,0
36470,0
38884,0
40414,0
40917,0
40047,0
39481,0
39379,0
39470,0
39505,0
39162,0
38069,0
38178,0
39390,0
36989,0
33709,0
31554,0
29726,0
27983,0
26699,0
25945,0
25562,0
25778,0
26114,19
27481,885
30428,3303
32287,5761
33297,8109
33745,9910
33346,10611
32424,10713
31938,10199
31874,9041
32404,7156
33274,4580
34055,1728
34990,147
36474,0
34266,0
31887,0
29580,0
27516,0
25673,0
24473,0
23680,0
23267,0
23411,0
22966,19
23248,905
25181,3567
27093,6425
28476,8626
29188,10018
29768,10752
29233,10695
28852,10090
28836,8921
29139,7011
30039,4496
30903,1640
32145,120
34881,0
33845,0
31753,0
29420,0
27069,0
25204,0
24026,0
23719,0
23944,0
25649,0
29121,16
33105,813
38517,3341
41538,6272
42573,8420
43334,9799
42493,10491
42664,10490
43988,9927
44415,8558
44460,6577
43381,4189
42053,1480
42068,111
43494,0
40968,0
37454,0
34375,0
31414,0
29284,0
28178,0
27377,0
27440,0
28444,0
31337,17
34943,844
40248,3208
43063,5803
44431,7906
45223,9137
43885,9704
43722,9583
44901,8989
46002,8379
45703,6346
44405,3819
42646,1307
42604,122
43639,0
40924,0
37396,0
34384,0
31548,0
29680,0
28549,0
28208,0
28067,0
29259,0
32298,15
36193,755
41501,2845
44425,5431
45463,7627
45955,9107
44461,10146
44252,9829
44988,8728
45456,7610
45634,5721
44344,3585
42645,1186
42702,75
43580,0
40631,0
37189,0
34330,0
31614,0
29550,0
28528,0
27975,0
27937,0
29081,0
32054,17
35906,800
41190,3129
43887,5725
44783,7768
45059,8801
42924,8908
42948,8769
44020,8227
43908,6692
44712,5467
43427,3227
41809,1005
42153,58
43116,0
39878,0
36466,0
33544,0
30970,0
29298,0
28259,0
27815,0
27773,0
29038,0
32208,16
36119,758
41482,3037
44120,5271
44731,7197
45364,8465
43294,8563
42602,7806
43653,7025
44454,6192
44490,4322
42777,2366
41127,828
41475,52
42221,0
39224,0
35613,0
33114,0
30499,0
28714,0
27494,0
26840,0
26675,0
26863,0
27905,11
29741,533
33055,2270
35149,4098
35950,5855
36205,7660
34797,8784
32653,8391
32372,8348
32106,6710
32474,5139
32338,2816
32719,1072
34232,59
35223,0
32817,0
30310,0
28387,0
26338,0
24737,0
23711,0
23016,0
22735,0
22768,0
22654,6
22673,616
24613,2731
26472,5333
27579,7259
28349,9288
28496,10086
27374,10082
26745,9413
26772,8236
26587,5931
26777,3538
27639,1171
29732,53
32096,0
30814,0
28787,0
26800,0
24747,0
23336,0
22547,0
22263,0
22593,0
24190,0
28337,7
32326,614
37774,2967
39784,5643
40015,7494
39928,8318
37846,8247
37974,8545
39679,8795
40644,8103
40660,6448
39657,4043
38110,1326
39083,57
40173,0
37066,0
33725,0
30926,0
28311,0
26709,0
25715,0
25307,0
25397,0
26660,0
30005,12
33614,712
38733,3047
40632,5859
41266,7759
41339,9096
39387,9735
39123,9888
40004,9122
40580,7804
40568,5940
39654,3569
38238,1062
39604,52
40288,0
37177,0
33728,0
31009,0
28501,0
26786,0
25964,0
25647,0
25575,0
26912,0
30635,5
34433,515
39206,2257
41231,4461
42002,6181
41776,6804
39537,6969
39042,6988
40279,6740
40845,5970
40386,4414
39299,2666
38367,952
39586,47
40319,0
36825,0
33307,0
30694,0
28317,0
26631,0
25865,0
25551,0
25724,0
27141,0
30611,5
34698,582
39487,2618
41288,4998
41537,6852
41659,8260
38993,8999
38074,9042
39183,8597
39826,7715
40311,6141
39291,3593
38198,1037
39609,30
40288,0
37238,0
33685,0
30908,0
28490,0
26959,0
26081,0
25705,0
25846,0
27087,0
30672,7
34615,603
39367,2616
41080,4884
41759,7011
41292,7908
39203,8876
38618,8847
39087,7918
39592,7358
39606,5521
38698,3179
37600,945
39077,23
39400,0
36401,0
33283,0
30862,0
28320,0
26506,0
25514,0
24935,0
24693,0
24981,0
26228,7
27834,711
30649,3150
32542,5918
32984,8171
32531,9537
31306,10241
29928,9995
29415,9286
29384,7881
29862,5807
30461,3222
31187,834
33663,12
33986,0
31158,0
28899,0
27129,0
25032,0
23467,0
22381,0
21819,0
21502,0
21738,0
21972,6
22041,682
23885,2842
25957,4971
27983,6688
28658,6661
28446,6521
26752,5979
25769,5738
25337,4662
25623,3769
26468,2518
27342,607
30144,10
31464,0
29549,0
27666,0
25479,0
23249,0
21971,0
21301,0
21271,0
21720,0
23430,0
28352,7
33255,430
38295,2258
40134,3819
40874,5678
41260,7195
39012,7404
38801,7494
40405,7574
41111,6971
40940,5151
39652,2847
38193,763
40032,18
40325,0
37266,0
33563,0
30701,0
28568,0
26951,0
26105,0
25756,0
25963,0
27369,0
31258,6
35338,493
40079,2498
42359,4749
43066,6919
43087,8267
40965,9328
40705,9060
41491,8027
42018,6493
41942,4320
40924,2419
39968,639
41659,5
41485,0
38174,0
34459,0
31470,0
28754,0
26865,0
25942,0
25675,0
25853,0
27290,0
31525,3
36204,469
40923,2004
43073,4092
44196,6113
44489,7529
42177,7828
42181,7755
43435,7459
43704,6366
43569,4402
42472,2293
41293,636
42959,6
42338,0
39040,0
35303,0
32587,0
29365,0
27694,0
26936,0
26515,0
26525,0
27832,0
32102,-1
36393,440
41072,2451
43340,4875
44493,6535
44962,7962
42924,8560
42760,8786
44273,8066
44757,7051
44421,4838
43468,2754
42120,767
43620,12
43086,0
39914,0
36253,0
33191,0
29797,0
28020,0
26916,0
26508,0
26538,0
27768,0
31845,4
36130,527
40437,2581
42425,4821
43149,7013
43836,8656
42057,9561
41671,9469
42427,8777
43036,7798
41679,5802
40262,3040
38982,664
40422,6
39779,0
36427,0
33204,0
30639,0
27966,0
26391,0
25275,0
24602,0
24465,0
24739,0
26189,4
27832,560
30665,2810
32628,5329
33022,7336
32396,8301
31376,8689
30339,8453
30209,8158
30234,6859
30282,4852
30598,2651
31101,707
33558,5
33250,0
30552,0
28448,0
26462,0
24314,0
22697,0
21787,0
21021,0
20885,0
21232,0
21600,-2
21539,344
23662,2220
25442,4809
26174,6528
26614,7841
26590,8597
25299,8384
24879,7998
24432,6664
24657,4975
25219,2911
25910,693
28731,-1
29631,0
28111,0
26282,0
23722,0
22925,0
21831,0
21367,0
21065,0
21395,0
23218,0
28097,4
32368,380
37044,2363
38987,5212
39427,7557
39165,8937
36665,9144
37086,9967
38080,9541
38566,8095
38513,6088
37355,3277
36449,711
38997,-1
38452,0
35464,0
32074,0
29207,0
27114,0
25532,0
24810,0
24552,0
24903,0
26143,0
30264,-1
34017,563
38386,3128
39928,5824
40308,7636
40257,8568
38362,9194
37684,8813
38757,7985
39203,6747
38821,4472
38257,2182
37563,424
40254,-1
39383,0
36201,0
32737,0
30099,0
27555,0
26166,0
25377,0
25180,0
25242,0
26519,0
30445,-2
34911,489
39140,2386
41028,4307
40840,5093
41079,5852
38994,6317
38455,6412
39573,6291
39792,5247
39169,3546
38372,2035
37616,514
40081,3
38740,0
35605,0
32419,0
29617,0
27307,0
25693,0
24935,0
24559,0
24695,0
26058,0
29983,3
34167,216
38514,1712
39961,3368
40188,5140
39691,6036
36825,6312
36627,6610
38263,6855
38640,5964
37880,4047
37005,2186
36382,396
39095,0
38115,0
35099,0
31696,0
29232,0
26819,0
25319,0
24290,0
23892,0
24067,0
25475,0
29374,-1
33667,436
37673,2428
39173,4885
39015,6509
38446,7081
36300,7133
35739,6526
36429,5663
37014,4958
37202,3760
36398,2128
36015,395
39020,0
37684,0
34607,0
31379,0
28922,0
26490,0
24967,0
24020,0
23512,0
23363,0
23788,0
25548,0
27583,388
30628,2662
32611,5323
32946,6813
31985,7513
29673,6925
28641,7177
28491,7140
28198,5843
28248,3827
28499,2148
29510,414
33043,0
32012,0
29358,0
27274,0
25463,0
23414,0
21933,0
21078,0
20603,0
20414,0
20711,0
21336,-1
21464,355
23552,2288
25288,4246
26420,6116
26646,6949
26508,7223
25545,7535
24654,6787
24823,5929
24624,4272
24785,2171
26057,370
29931,0
30117,0
28468,0
26548,0
23978,0
21926,0
20711,0
20307,0
20108,0
20690,0
22418,0
27560,-1
32365,352
36954,2224
38609,4233
38708,5910
38793,7307
36580,8312
35915,7779
37410,7561
37763,6266
37893,4788
36583,2294
36086,375
38883,0
37501,0
34598,0
30869,0
28119,0
25651,0
24240,0
23537,0
23160,0
23358,0
24764,0
29147,-1
33761,357
37911,2265
38948,4090
39096,5776
39266,7275
37439,8113
36983,8390
37852,8017
38224,7099
37914,5407
37007,2895
36158,427
39504,0
37983,0
35281,0
31667,0
28760,0
26076,0
24567,0
23776,0
23544,0
23886,0
25186,0
29620,0
34020,328
37823,2257
39017,4646
39682,6900
39528,8000
37394,8363
37451,7946
38100,6635
38315,5334
38086,3312
37430,1647
37392,206
40250,0
38397,0
35504,0
31846,0
29048,0
26455,0
24994,0
24239,0
23985,0
24118,0
25395,0
29693,0
34261,155
37998,1035
39440,2143
39713,3069
39550,3466
36918,3482
36636,3447
37990,3256
38271,2587
38298,1505
37620,666
37756,64
40167,0
38108,0
35372,0
31834,0
28975,0
26311,0
24642,0
23761,0
23457,0
23710,0
25179,0
29333,0
34491,109
38483,977
40569,2245
40547,3091
39985,3304
37497,3382
36983,3286
38275,3331
38425,2798
38610,2218
37861,1105
37626,164
40140,0
37786,0
34724,0
31348,0
28681,0
26070,0
24456,0
23415,0
23002,0
22917,0
23310,0
25217,0
27755,214
30672,1960
32530,4249
32329,5722
31626,6897
30350,7807
28743,7743
28744,7671
28452,6446
28426,4528
29075,2160
30371,195
33983,0
32346,0
29690,0
27597,0
25536,0
23357,0
21610,0
20599,0
20203,0
20065,0
20310,0
21066,0
21454,209
22983,1391
24833,2694
25719,3945
26490,5308
25897,5964
25353,7458
24723,7063
24482,6345
24342,4377
24576,1747
26369,151
30539,0
30015,0
28191,0
26196,0
23818,0
21663,0
20404,0
19788,0
19599,0
20047,0
21675,0
26998,0
32044,135
36273,1217
37613,2738
37616,4522
37541,6008
35377,6867
35193,6757
36307,6081
36683,4593
36860,2749
36441,1237
36715,98
39718,0
37835,0
34881,0
31324,0
28297,0
25721,0
24280,0
23562,0
23316,0
23409,0
24850,0
29282,0
34357,133
38431,845
39911,1775
40012,2911
39565,3356
37108,3735
37240,4709
38086,4243
38577,3369
38767,2123
38171,973
38436,73
40545,0
38554,0
35534,0
31765,0
29063,0
27636,0
26024,0
25216,0
24748,0
25062,0
26379,0
31186,0
36227,128
40092,903
41307,2226
40830,3460
40584,4595
38452,5924
38303,6789
38435,5942
38727,5204
39238,3615
38843,1548
39195,132
42575,0
40371,0
37071,0
33410,0
30524,0
27392,0
25565,0
24765,0
24459,0
24731,0
26162,0
30456,0
35605,247
39578,2068
40742,4284
40180,5661
39301,6905
37535,7855
37096,7626
38274,6984
38768,5752
38945,3969
38392,1730
38990,111
41862,0
39700,0
36721,0
32943,0
30131,0
27580,0
25934,0
25038,0
24562,0
24910,0
26336,0
30697,0
35465,178
39134,1469
40153,3026
39616,4126
39225,4736
37137,5365
36656,5398
37458,4684
37706,3513
38014,1739
37567,532
38805,46
41330,0
38782,0
35629,0
32306,0
29586,0
27082,0
25354,0
24520,0
24165,0
23886,0
24203,0
26074,0
28593,24
30893,437
32740,1282
32810,1893
32042,2144
30570,2427
28704,2615
27597,2145
27286,1910
27658,1334
28896,539
31737,43
34644,65
32653,0
29811,0
27509,0
25678,0
23451,0
21729,0
20850,0
20365,0
20114,0
20507,0
21419,0
21924,83
23524,1196
25657,2986
26424,5010
26187,5867
25621,6033
23755,5990
23325,5940
23410,5093
23741,3685
24656,1435
27220,71
30983,0
30329,0
28563,0
26499,0
24222,0
21929,0
20628,0
20067,0
20053,0
20392,0
22246,0
27898,0
33469,174
37398,2107
38967,4860
38580,6878
38172,7800
35799,8028
35594,7711
37166,6986
37582,5179
37833,3060
37624,1098
38756,41
41129,0
38795,0
35617,0
31844,0
28908,0
26330,0
24624,0
23876,0
23623,0
23739,0
25349,0
30044,0
35550,145
39461,1177
41115,2343
41159,3017
40915,3565
38265,3662
38034,3875
39324,3485
39995,2923
40015,1844
39369,623
40204,17
41884,0
39427,0
36213,0
32385,0
29277,0
26609,0
25019,0
24228,0
23929,0
24177,0
25673,0
30401,0
36007,68
40121,736
41212,1544
41205,2619
41007,3282
38510,3789
38181,4107
39258,3558
39640,2614
39598,1196
39359,380
40328,13
42086,0
39775,0
36518,0
32769,0
29640,0
27058,0
25539,0
24592,0
24354,0
24500,0
25923,0
30450,0
35850,40
39802,606
41177,1937
41300,3299
41440,4716
38530,5736
37169,5443
37356,4731
37857,4488
38182,2919
37873,1015
39082,30
41421,0
39023,0
36055,0
32282,0
29199,0
26623,0
24887,0
23845,0
23562,0
23765,0
25290,0
30003,0
35428,47
38943,996
40579,3289
40170,4686
39557,5874
36763,6275
36093,6235
37193,5613
37453,4682
37868,3376
37386,1194
38798,24
41139,0
38561,0
35607,0
32143,0
29369,0
26541,0
24860,0
23915,0
23337,0
23302,0
23638,0
25904,0
28376,68
30464,1506
32041,4129
31925,6007
30570,6526
28875,6961
27685,6810
27469,6283
27496,5042
28351,3359
29221,990
32297,13
35024,0
32962,0
30165,0
28013,0
25673,0
23293,0
21491,0
20372,0
19950,0
19952,0
20329,0
21220,0
22091,86
23458,1153
25113,2510
26078,3876
26572,4752
26337,4962
24778,4579
24122,4052
24106,2807
24380,1688
25573,495
28849,15
31709,0
30857,0
28962,0
26908,0
24344,0
22092,0
20655,0
19941,0
19844,0
20407,0
22302,0
28151,0
34069,83
38168,992
39562,2393
39124,3788
38544,5053
35889,5689
35857,6164
37094,5861
37712,4991
37935,3301
37196,960
38881,16
41088,0
38799,0
35840,0
32032,0
28993,0
26057,0
24487,0
23799,0
23563,0
23725,0
25275,0
30172,0
36085,46
39554,967
40766,2716
40569,4568
39796,5415
37326,6051
36632,5603
37798,5043
38185,4068
38469,2624
38021,725
39955,10
41729,0
39260,0
36123,0
32293,0
29283,0
26405,0
24702,0
23877,0
23630,0
23770,0
25436,0
30189,0
36248,20
39875,813
41021,2273
40433,3824
39896,4795
37138,5084
36848,5029
37699,4494
38152,3637
38224,2150
38076,613
40104,7
41616,0
39226,0
36122,0
32356,0
28979,0
26139,0
24564,0
23842,0
23692,0
23841,0
25271,0
30271,0
36335,23
39749,855
40928,2784
40723,4461
40299,5456
37290,5879
36544,5905
37678,5509
37981,4282
38158,2634
37854,794
39928,8
41874,0
39390,0
36344,0
32427,0
29171,0
26709,0
24759,0
23812,0
23442,0
23575,0
24981,0
30043,0
36323,32
39661,1138
40785,3575
40048,5872
39386,7326
36448,7643
36060,8112
36955,7733
37120,6238
37404,3845
36934,1034
39290,10
41220,0
38790,0
35607,0
32123,0
29154,0
26332,0
24542,0
23564,0
23058,0
22886,0
23305,0
25629,0
28755,71
30797,1665
31803,4515
31154,6745
29893,7939
28185,8568
26778,8439
26286,7524
26354,5813
27061,3455
28587,813
32832,-2
35011,0
32934,0
30182,0
27886,0
25642,0
23125,0
21451,0
19796,0
18181,0
19912,0
19863,0
20507,0
20958,41
21557,799
23924,3179
25345,5197
26156,6719
26600,7457
26686,7433
25389,6645
24940,5178
24996,2992
25507,1019
29071,67
31496,0
31782,0
30495,0
28656,0
26344,0
23722,0
21641,0
20305,0
19902,0
19819,0
20425,0
22511,0
27993,48
33296,851
36855,2274
37999,3848
37780,5035
37899,5790
35703,5716
35843,5168
37241,3951
37826,1940
39324,423
42094,13
42597,0
41537,0
38989,0
35823,0
31830,0
28506,0
26089,0
24601,0
23718,0
23542,0
23747,0
25562,0
30163,24
34815,671
38396,2307
39037,3690
38667,4851
38755,5619
36522,5684
36489,4781
38769,3993
40160,2224
41499,640
43716,36
44041,29
42521,29
39617,29
36327,29
32431,29
28926,29
26367,0
24696,0
24028,0
23736,0
24079,0
25697,0
30362,14
35359,487
39791,1481
40623,2127
40586,2265
41315,3045
38779,2900
38520,2364
39607,1481
40192,699
41539,144
44194,29
44180,29
42216,29
39329,29
36148,29
32392,29
29318,29
26679,0
25208,0
24377,0
23976,0
24229,0
25714,0
30301,37
35357,401
39051,1109
39837,1539
39913,2221
40016,2947
38329,3310
37775,3076
38612,1869
39074,919
40297,208
42683,31
42845,29
41524,29
38771,29
35511,29
31605,29
28589,29
26123,0
24194,0
23297,0
22966,0
23261,0
24807,0
29295,7
34219,470
38509,2205
39477,3707
39215,5197
38737,5838
36316,5676
35776,5068
35565,3335
36345,1812
37434,419
40196,32
41223,29
39909,29
37126,29
33942,29
30758,29
27967,29
25979,0
24182,0
23174,0
22861,0
22686,0
23263,0
25284,10
27989,709
30385,2594
31963,4725
31374,5911
30597,6395
29122,6035
28102,5276
27642,4173
27803,2201
28677,450
32414,31
34557,29
34180,29
32244,29
29571,29
27128,29
24814,29
23260,73
21296,73
20107,73
19615,73
19393,73
19751,73
20239,75
20650,811
22794,3243
24188,5383
24762,6825
25249,7629
25136,7453
24058,6709
23638,5115
23622,2701
24671,539
28620,31
30575,29
31029,29
29982,29
28213,29
25957,29
23635,29
21220,0
19902,0
19276,0
19327,0
20003,0
22168,0
27454,18
32264,1017
36985,3805
37781,6016
37683,7446
37368,8016
35354,7989
35566,7273
36737,5500
37675,2973
38721,512
41788,30
42099,29
40894,29
38637,29
35358,29
31307,29
28397,29
25684,0
24030,0
23335,0
23173,0
23637,0
25285,0
29981,11
34730,994
38806,3520
39560,5574
39320,6393
39115,6979
36770,6704
36984,5792
38813,4666
39899,2413
41294,390
43853,29
43702,29
42481,29
39586,29
36208,29
32359,29
28766,29
26130,0
24648,0
23723,0
23576,0
23903,0
25461,0
30360,17
35414,837
39549,3047
40838,5064
40029,5528
39688,6023
37520,6156
37116,5316
38683,4659
39768,2556
40932,405
44004,31
43510,29
42483,29
39490,29
36316,29
32318,29
29057,29
26282,0
24816,0
24075,0
23708,0
23961,0
25630,0
30293,4
35459,613
39497,2639
40595,5073
39903,6124
39357,6674
37083,6789
37021,6206
38223,4838
39347,2578
40875,433
43812,30
43891,29
42462,29
39844,29
36408,29
32292,29
29026,29
26286,0
24613,0
23748,0
23404,0
23788,0
25298,0
29732,-2
34905,644
39399,3105
40187,5149
39633,6420
39181,7264
36738,7160
36528,6556
38312,5296
39187,2964
39800,735
42662,373
42536,373
41283,373
38460,373
35417,373
31799,373
28604,373
26051,0
24427,0
23419,0
22991,0
22933,0
23406,0
25145,6
27541,669
30165,3144
31308,5632
30708,6990
29773,7590
28633,7659
27320,6767
27306,5292
27797,2625
29080,352
33995,0
35375,0
35184,0
32771,0
29999,0
27772,0
25583,0
23103,0
21427,0
20433,0
19998,0
19873,0
20314,0
20930,8
21429,788
23336,3272
24802,5698
24815,6992
25336,7833
25480,7790
24065,6721
24026,5540
24434,2870
25072,433
29032,30
30840,29
31252,29
29954,29
28293,29
26108,29
23752,29
21717,0
20499,0
19929,0
19916,0
20391,0
22365,0
28068,9
33415,806
37483,3254
38592,5646
38566,6984
38296,7578
36211,7594
36030,6837
37907,5408
38856,2758
39936,375
42832,29
42325,29
41120,29
38560,29
35620,29
31503,29
28239,29
25926,0
24529,0
23773,0
23491,0
23862,0
25417,0
30300,7
35367,624
39903,2698
41229,4755
41056,6411
40477,7088
37896,7210
37388,6260
38571,4601
39168,2237
40365,325
43604,29
42949,29
41842,29
39024,29
35738,29
31896,29
28732,29
26099,0
24674,0
23873,0
23658,0
24051,0
25466,0
30572,3
35681,522
39583,2447
40708,4371
40182,5451
39898,6221
37436,6322
37008,5556
38885,4584
39964,2216
41135,290
43950,29
43345,29
42140,29
39333,29
36241,29
32229,29
28990,29
26697,0
25146,0
24242,0
24168,0
24239,0
25763,0
30715,-1
35680,419
39754,1996
40619,3942
39958,5267
39237,5905
36826,6139
36690,5630
38657,4422
39562,1973
41340,264
44229,29
43623,29
42264,29
39339,29
36307,29
32507,29
29067,29
26668,0
24849,0
23950,0
23800,0
24195,0
25716,0
30649,0
35330,199
39081,1113
39896,2230
39486,2924
38775,3165
36294,3295
36184,3067
38531,2900
39286,1352
40777,192
43413,29
42658,29
41060,29
38422,29
35313,29
31866,29
29144,29
26391,0
24615,0
23481,0
23032,0
23003,0
23554,0
25639,0
28321,179
31178,1099
32590,2123
32282,2885
31538,3177
30079,3300
28545,2811
28932,2661
28899,1206
30320,175
34215,29
34978,29
34500,29
32098,29
29711,29
27358,29
25078,29
23031,0
21470,0
20520,0
20042,0
19900,0
20372,0
21331,0
22007,292
24216,1669
25805,2941
26784,3947
27043,4409
26638,4093
24621,3309
25121,3315
25034,1518
25804,214
29546,29
31053,29
31339,29
30299,29
28676,29
26317,30
23689,30
21681,0
20301,0
19917,0
19835,0
20181,0
22431,0
28406,-1
34226,403
38874,1957
40193,3606
39898,4392
39769,4968
37390,5003
37246,4463
39671,3816
40210,1666
41629,204
44594,29
43469,29
42141,29
39412,29
36064,29
31949,29
28935,29
26187,0
24523,0
23846,0
23604,0
23857,0
25491,0
30707,0
36648,298
41161,1389
42543,2670
41987,3456
41411,4048
38947,4431
38371,3872
40248,3160
41393,1345
42988,173
45809,29
44415,29
42983,29
40298,29
37200,29
32700,29
28169,29
26736,0
25174,0
24425,0
24139,0
24453,0
26152,0
31170,0
36915,202
40897,1094
41941,2527
41215,3325
40838,3808
38401,3715
38134,3446
40538,3110
41829,1343
43629,163
46290,29
44679,29
43423,29
40585,29
37056,29
33128,29
29680,29
27111,0
25299,0
24544,0
24394,0
24684,0
26269,0
31354,-1
37225,273
41456,1748
42507,3113
41940,3679
41637,3992
38920,3857
38900,3669
40255,2583
41145,1142
42624,135
45647,29
44566,29
43028,29
40012,29
36758,29
32968,29
29783,29
27114,0
25483,0
24624,0
24289,0
24518,0
26126,0
31323,0
36762,272
40818,1617
41479,2699
40991,3404
40640,4022
38287,4025
38278,3865
39938,2825
41037,1279
42502,119
45003,0
43902,0
42454,0
39427,0
36074,0
32285,0
29430,0
26659,0
24827,0
23879,0
23498,0
23423,0
23948,0
26257,0
29097,87
32015,404
33974,870
34416,1352
33981,1507
32329,1592
30648,1653
30201,1343
30300,544
32228,57
35649,0
36100,0
35752,0
33504,0
30660,0
28315,0
26219,0
24121,0
22381,0
21383,0
20906,0
20807,0
21272,0
22392,0
22824,135
24936,1187
26986,2750
27716,4308
27472,4861
28338,5743
26803,5302
24154,3322
25100,1189
26345,101
30453,0
31438,0
32065,0
31167,0
29228,0
26928,0
24337,0
22606,0
21256,0
20705,0
20630,0
21062,0
23151,0
29295,0
35770,97
40490,858
42185,1591
42236,2101
42255,2279
39834,2067
39816,1798
41677,1582
42592,661
44376,88
46434,29
44979,29
43349,29
40518,29
37100,29
32861,29
29707,29
26913,0
25339,0
24658,0
24322,0
24644,0
26376,0
31943,0
37998,132
42333,1169
43390,2690
43175,4458
42760,5100
40166,4860
39889,4377
41138,3049
41882,1274
43933,143
46765,29
45641,29
44382,29
41396,29
37883,29
33968,29
30823,29
27866,0
25987,0
25244,0
24983,0
25335,0
27219,0
32729,0
38724,128
43119,1162
44890,2707
45016,3506
45172,4356
42456,3901
41697,2945
42556,2235
43383,941
45286,117
47520,29
46199,29
44774,29
40748,27
38522,29
34207,29
30784,29
27862,0
26172,0
25287,0
25121,0
25566,0
27293,0
32705,-1
38891,40
43216,510
44762,1366
45048,2594
44548,2805
41869,3142
41422,2766
42521,1912
43503,825
45180,114
47399,29
46449,29
44941,29
41904,29
38573,29
34122,29
30768,29
27923,0
25907,0
25164,0
24811,0
25146,0
26773,0
32060,0
38497,71
42545,958
43746,2517
44199,4455
43735,4887
40803,4572
40032,3846
41294,2465
42459,1002
44647,128
47303,29
45994,29
44136,29
40630,29
37127,29
33087,29
30023,29
27257,0
25467,0
24481,0
24059,0
24111,0
24783,0
27399,0
30623,167
33662,1702
35425,3741
35270,4797
34679,5304
32896,4990
31287,4356
30891,3038
30808,1108
32573,116
36783,29
37352,29
37315,29
35128,29
32451,29
29952,29
27650,29
24676,0
22802,0
21768,0
21261,0
21099,0
21581,0
22786,0
23646,148
25616,1637
27252,3632
28348,5659
28431,6369
28008,6359
26525,5529
26204,3651
26759,1305
28662,126
32702,29
33606,29
33987,29
32842,29
31153,29
28777,29
25984,29
23375,0
21723,0
21076,0
21047,0
21627,0
23819,0
30301,0
36893,206
41415,1666
42815,3872
42676,5908
41589,6370
38980,6166
39050,5076
41338,3697
42184,1418
43957,136
46772,29
45461,29
44089,29
41074,29
37935,29
33895,29
30384,29
26950,0
25116,0
24300,0
24088,0
24338,0
26275,0
32053,0
38285,184
42402,1570
43504,3613
42858,5361
42402,6251
39680,6180
39134,5194
40319,3453
41173,1345
43398,137
46324,29
45228,29
43958,29
41371,29
38092,29
33527,29
30535,29
27411,0
25720,0
24791,0
24577,0
24972,0
26607,0
32196,0
38796,200
42630,1578
43545,3490
43328,5090
43018,5900
40497,5905
40349,5276
41453,3478
42576,1334
44556,94
47393,0
46190,0
44697,0
41896,0
38231,0
34091,0
30813,0
27698,0
26069,0
25149,0
24852,0
25141,0
26839,0
32501,0
39332,120
43230,1121
44137,2519
43742,3667
43051,3942
40392,4008
40221,3470
42224,2433
43746,886
45698,87
47813,29
46542,29
45008,29
42332,29
39100,29
35091,29
31625,29
28055,0
26213,0
25301,0
24958,0
25220,0
26952,0
32414,0
39219,100
43254,880
44542,2048
44140,2980
43868,3340
41457,3201
40952,2546
42756,2150
43392,840
45118,91
47096,29
45516,29
44008,29
41019,29
37743,29
34088,29
30760,29
27773,0
25744,0
24807,0
24106,0
24057,0
24771,0
27341,0
31002,67
33706,725
35139,1761
34602,2773
33537,3552
31945,3775
30333,2990
30380,2402
30790,891
32771,87
36542,29
37274,29
36991,29
34764,29
32353,29
29793,29
27488,29
24870,-1
23034,-1
21780,-1
21305,-1
21235,0
21741,0
23123,0
24219,80
25992,965
27995,2353
28328,2942
28493,3307
28727,3625
27244,2934
27751,2384
27961,863
29244,80
32655,29
33412,29
33998,29
32800,29
31252,29
28726,29
26258,29
23515,0
21775,0
20983,0
20762,0
21015,0
22491,0
26132,0
30067,110
33628,1088
34990,2618
34632,3760
34193,4128
33030,3857
32605,3267
33071,2335
33358,861
35609,80
38665,29
38111,29
37481,29
35340,29
33147,29
29804,29
26921,29
24392,0
22527,0
21589,0
21172,0
21023,0
21685,0
23118,0
24738,78
26296,899
28378,2240
28740,3432
28651,4094
28229,4142
26964,3598
26277,2530
26916,973
28827,98
32475,29
33671,29
33995,29
32813,29
30982,29
28173,29
25366,29
23592,0
21867,0
21115,0
21040,0
21457,0
23786,0
30320,0
37552,111
42072,1052
43357,2306
42830,3391
42101,3891
39698,3741
40134,3326
42067,2160
43336,670
45988,42
48309,0
46942,0
45513,0
42624,0
39405,0
35137,0
31355,0
27957,0
26265,0
25312,0
25145,0
25523,0
27412,0
33119,0
39712,53
44157,723
45146,2323
44145,3469
43403,4409
40867,4633
40681,4059
41563,2536
42491,1053
44904,79
48200,0
47058,0
45185,0
42203,0
39026,0
34904,0
31811,0
28685,0
26641,0
25694,0
25433,0
25575,0
27328,0
32990,0
39576,73
43814,976
44617,2466
43665,4012
42846,4609
39645,4380
39210,4031
40472,2785
42069,1149
44126,102
47187,29
46333,29
44996,29
42116,29
38655,29
34557,29
31403,29
28214,0
26186,0
25109,0
24685,0
24555,0
25299,0
28135,0
31908,77
34762,1234
36013,3040
34963,4471
33695,5344
31692,5383
30187,4804
29728,3167
30464,1194
32691,102
37125,29
37594,29
37511,29
35226,29
32492,29
29675,29
27140,29
24685,0
22942,0
21801,0
21256,0
21035,0
21522,0
22972,0
24202,72
25936,1007
27946,2281
28904,3572
29255,4148
28742,3527
27024,2851
26611,2078
27298,921
29142,103
32948,29
33966,29
34364,29
33803,29
32213,29
29481,29
26243,29
23461,0
21969,0
21210,0
21048,0
21597,0
23825,0
30652,0
37895,41
42759,880
44044,2209
44053,3760
44100,4858
41259,4439
40849,3835
42109,2256
43084,959
44535,91
46308,29
45139,29
45281,29
42432,29
39247,29
34749,29
31240,29
28152,0
26284,0
25401,0
25111,0
25540,0
27314,0
33156,0
40016,42
44175,1087
45354,2847
45097,4139
44569,4953
41565,4964
40956,4175
43105,2950
44087,1177
46328,109
48649,29
47190,29
45922,29
43055,29
39598,29
35356,29
31659,29
28303,0
26359,0
25459,0
25178,0
25429,0
27247,0
32971,0
39810,24
43799,576
44591,1515
44249,2819
43719,3635
40729,3933
40055,3209
41295,1866
42794,738
45136,82
47744,29
46560,29
45241,29
42625,29
39229,29
35173,29
31442,29
28162,0
26257,0
25256,0
25169,0
25336,0
27145,0
32793,0
39421,54
43346,1088
44349,3003
43230,4511
42616,5612
39699,5679
39200,4822
40838,3189
42190,1356
44663,107
47875,0
46829,0
45457,0
42586,0
39331,0
35262,0
31368,0
28279,0
26318,0
25322,0
25056,0
25428,0
27150,0
32697,0
39243,37
43169,1015
44181,2864
43125,4383
42397,5256
39559,5571
39125,4854
40347,3041
41662,1191
43509,114
46580,29
45331,29
44157,29
40884,29
37987,29
34228,29
30753,29
27810,0
25557,0
24406,0
23847,0
23694,0
24521,0
27400,0
31338,55
33774,954
34960,2311
34154,3396
33192,4280
31703,4969
30532,4446
30365,2930
30915,1192
32409,108
36410,29
37215,29
37136,29
35177,29
32094,29
29494,29
26886,29
24673,0
22741,0
21549,0
20901,0
20813,0
21371,0
22773,0
24281,26
26202,786
28386,2562
28935,4202
28859,5255
28477,5286
27130,4622
26517,2835
27495,1199
29076,122
33025,29
33970,29
34319,29
33306,29
31590,29
29367,29
26420,29
23709,0
21844,0
21116,0
20878,0
21442,0
23482,0
29402,0
36123,43
40779,1002
42345,2596
41790,3774
41425,4511
39080,4623
38843,4014
40008,2686
40815,1103
42547,116
44819,29
43590,29
42242,29
39581,29
36519,29
32529,29
28747,29
25908,0
23988,0
23119,0
22811,0
23092,0
24777,0
29956,0
36540,52
40823,981
42048,2476
40770,3629
39767,4272
37420,4594
36982,4112
38013,2931
38862,1217
40424,131
43374,35
42256,35
41041,35
38663,35
35693,35
32089,35
28541,35
25788,0
23738,0
22551,0
22247,0
22524,0
24123,0
29182,0
34792,59
39256,961
40725,2426
40074,3631
39396,4306
36772,4361
35938,3761
36988,2676
37621,1234
39010,112
41601,0
40671,0
39606,0
37223,0
34421,0
31152,0
27800,0
24227,-1
21977,-1
20718,-1
20158,-1
20179,0
21105,0
23955,0
27295,50
30070,928
31541,2455
30946,3526
30012,4072
28713,4043
27279,3385
27909,2545
28560,1083
30222,104
33983,0
34096,0
33219,0
30214,0
27602,0
25775,0
24001,-1
22435,0
20856,0
19247,-1
18327,0
17984,0
18305,0
19559,0
20615,27
21920,703
23869,1902
24935,2938
25304,3550
24473,3773
21681,3248
20392,2715
20827,1080
22586,127
26183,29
26689,29
27058,29
26673,29
25597,29
24143,29
22536,29
20493,0
18711,0
17750,0
17308,19
17268,0
17868,0
19140,0
20146,60
21345,766
23404,2337
24361,3539
24596,4222
24334,4330
22937,4022
22208,2714
22671,1122
24404,99
28344,0
29098,19
29542,19
28827,0
27498,19
25514,0
23218,0
21036,0
19170,0
18212,0
17535,0
17498,0
18079,0
19648,0
21162,21
22523,603
24766,2010
26200,3225
26517,4104
26446,4260
25483,4133
25104,2925
25378,1269
26580,148
30708,29
31421,29
31648,29
30419,29
28610,29
26142,29
23697,29
21135,0
19457,0
18665,0
18387,0
18688,0
20071,0
23835,0
28195,20
32247,607
34518,1822
34540,2856
34784,4088
33683,4598
32666,4139
33416,3434
33905,1501
35222,170
38720,29
38283,29
37481,29
35351,29
32775,29
29136,29
25664,29
23195,0
21470,0
20498,0
20006,0
20127,0
21397,0
25066,0
29396,28
33106,894
35486,2593
34748,3587
34660,5090
33016,5283
31781,4630
32244,3532
32877,1464
34889,166
38392,29
38234,29
37592,29
35066,29
32618,29
29103,29
25989,29
23129,6
21184,6
20163,6
19899,6
20129,6
21354,6
24741,6
28671,43
32076,801
33949,2114
33525,3226
32649,3680
31699,4198
30352,3445
30546,2196
31643,970
33449,123
37443,29
37483,29
36950,29
34829,29
32302,29
29516,29
26284,29
22967,0
20794,0
19585,0
19141,0
19287,0
20642,0
23537,0
26561,36
28924,766
31385,2693
31985,4438
31933,5445
30545,5156
29223,4305
28277,2551
28839,1150
30397,158
34614,29
34682,29
33689,29
30736,29
27877,29
25654,29
23348,29
22853,0
